[
  {
    "IdName": "AttackSpeed_Basics",
    "Folder": "Affixes\\Equipment",
    "Images": [
      "velocidad de ataque.png",
      "de basica.png"
    ]
  },
  {
    "IdName": "Resistance_Single_Fire",
    "Folder": "Affixes\\Equipment",
    "Images": [
      "resistencia fuego.png"
    ]
  },
  {
    "IdName": "CD_Reduction",
    "Folder": "Affixes\\Equipment",
    "Images": [
      "reduccion de recuperacion.png"
    ]
  },
  {
    "IdName": "SkillRankBonus_Rogue_Special2_PoisonImbue",
    "Folder": "Affixes\\Equipment",
    "Images": [
      "rango.png",
      "imbuicion venenosa.png"
    ]
  },
  {
    "IdName": "Damage_to_Near",
    "Folder": "Affixes\\Equipment",
    "Images": [
      "dano a enemigos cercanos.png"
    ]
  },
  {
    "IdName": "Damage_to_Far",
    "Folder": "Affixes\\Equipment",
    "Images": [
      "dano a enemigos lejanos.png"
    ]
  },
  {
    "IdName": "Damage_to_CCd",
    "Folder": "Affixes\\Equipment",
    "Images": [
      "de dano a enemigos bajo.png",
      "efectos de conrtrol de.png"
    ]
  },
  {
    "IdName": "Damage_to_Vulnerable",
    "Folder": "Affixes\\Equipment",
    "Images": [
      "dano de vulnerabilidad.png"
    ]
  },
  {
    "IdName": "Damage_to_Trapped",
    "Folder": "Affixes\\Equipment",
    "Images": [
      "dano a enemigos afectados.png"
    ]
  },
  {
    "IdName": "CoreStats_All",
    "Folder": "Affixes\\Equipment",
    "Images": [
      "todos los atributos.png"
    ]
  },
  {
    "IdName": "Damage_DoT",
    "Folder": "Affixes\\Equipment",
    "Images": [
      "dano con el tiempo.png"
    ]
  },
  {
    "IdName": "Damage_to_Chilled",
    "Folder": "Affixes\\Equipment",
    "Images": [
      "dano a enemigos.png",
      "helado.png",
      "estado.png"
    ]
  },
  {
    "IdName": "OverpowerDamage",
    "Folder": "Affixes\\Equipment",
    "Images": [
      "dano abrumador.png"
    ]
  },
  {
    "IdName": "CoreStat_Dexterity",
    "Folder": "Affixes\\Equipment",
    "Images": [
      "destreza.png"
    ]
  },
  {
    "IdName": "CoreStat_DexterityPercent",
    "Folder": "Affixes\\Equipment",
    "Images": [
      "destreza%.png"
    ]
  },
  {
    "IdName": "CritDamage_With_Imbued",
    "Folder": "Affixes\\Equipment",
    "Images": [
      "dano de golpe critico.png",
      "de imbuicion.png"
    ]
  },
  {
    "IdName": "CritDamage",
    "Folder": "Affixes\\Equipment",
    "Images": [
      "dano de golpe critico1.png"
    ]
  },
  {
    "IdName": "Damage_Category_Basics",
    "Folder": "Affixes\\Equipment",
    "Images": [
      "dano de habilidad basica.png"
    ]
  },
  {
    "IdName": "Damage_to_Poisoned",
    "Folder": "Affixes\\Equipment",
    "Images": [
      "dano a enemigos.png",
      "envenenado.png"
    ]
  },
  {
    "IdName": "Damage_to_Stunned",
    "Folder": "Affixes\\Equipment",
    "Images": [
      "dano a enemigos.png",
      "aturdido.png"
    ]
  },
  {
    "IdName": "Damage_to_Dazed",
    "Folder": "Affixes\\Equipment",
    "Images": [
      "dano a enemigos.png",
      "atontado.png"
    ]
  },
  {
    "IdName": "Damage_Category_Ultimate",
    "Folder": "Affixes\\Equipment",
    "Images": [
      "dano de habilidad maxima.png"
    ]
  },
  {
    "IdName": "Damage_Category_Spenders",
    "Folder": "Affixes\\Equipment",
    "Images": [
      "dano de habilidad principal.png"
    ]
  },
  {
    "IdName": "Luck",
    "Folder": "Affixes\\Equipment",
    "Images": [
      "afortunado.png"
    ]
  },
  {
    "IdName": "Lucky_Hit_Resource",
    "Folder": "Affixes\\Equipment",
    "Images": [
      "golpe afortunado tienes hasta un.png",
      "restaurar.png",
      "recurso primario.png"
    ]
  },
  {
    "IdName": "SkillRankBonus_Rogue_Core_4",
    "Folder": "Affixes\\Equipment",
    "Images": [
      "rango.png",
      "cuchillas inteligentes.png"
    ]
  },
  {
    "IdName": "SkillRankBonus_Rogue_Core_5",
    "Folder": "Affixes\\Equipment",
    "Images": [
      "rango.png",
      "disparo penetrante.png"
    ]
  },
  {
    "IdName": "CoreStat_Strength",
    "Folder": "Affixes\\Equipment",
    "Images": [
      "fuerza.png"
    ]
  },
  {
    "IdName": "AttackSpeed",
    "Folder": "Affixes\\Equipment",
    "Images": [
      "velocidad de ataque1.png"
    ]
  },
  {
    "IdName": "CritChance",
    "Folder": "Affixes\\Equipment",
    "Images": [
      "probabilidad de golpe critico.png",
      "[.png"
    ]
  },
  {
    "IdName": "Damage_to_LowLife",
    "Folder": "Affixes\\Equipment",
    "Images": [
      "dano a enemigos heridos.png",
      "[.png"
    ]
  },
  {
    "IdName": "CritChance_To_LowLife",
    "Folder": "Affixes\\Equipment",
    "Images": [
      "probabilidad de golpe.png",
      "critico.png",
      "enemigos heridos.png"
    ]
  },
  {
    "IdName": "Lucky_Hit_Heal_Life",
    "Folder": "Affixes\\Equipment",
    "Images": [
      "golpe afortunado tienes hasta un.png",
      "probabilidad de sanar.png"
    ]
  },
  {
    "IdName": "Lucky_Hit_Slow",
    "Folder": "Affixes\\Equipment",
    "Images": [
      "golpe afortunado tienes hasta un.png",
      "probabilidad de ralentizar.png"
    ]
  },
  {
    "IdName": "Armor",
    "Folder": "Affixes\\Equipment",
    "Images": [
      "de armadura total.png"
    ]
  },
  {
    "IdName": "Thorns",
    "Folder": "Affixes\\Equipment",
    "Images": [
      "de espinas.png"
    ]
  },
  {
    "IdName": "DamageReduction",
    "Folder": "Affixes\\Equipment",
    "Images": [
      "reduccion de dano.png"
    ]
  },
  {
    "IdName": "PotionGrantsMoveSpeed",
    "Folder": "Affixes\\Equipment",
    "Images": [
      "mientras sufras heridas.png",
      "movimiento durante.png"
    ]
  },
  {
    "IdName": "PotionBarrier",
    "Folder": "Affixes\\Equipment",
    "Images": [
      "mientras sufras heridas.png",
      "maxima como barrera.png"
    ]
  },
  {
    "IdName": "LifeRegen",
    "Folder": "Affixes\\Equipment",
    "Images": [
      "de regeneracion de vida.png"
    ]
  },
  {
    "IdName": "Life",
    "Folder": "Affixes\\Equipment",
    "Images": [
      "vida maxima.png"
    ]
  },
  {
    "IdName": "ShrineDuration",
    "Folder": "Affixes\\Equipment",
    "Images": [
      "duracion de potenciacion.png",
      "sagrario.png"
    ]
  },
  {
    "IdName": "Resistance_Single_Frost",
    "Folder": "Affixes\\Equipment",
    "Images": [
      "resistencia frio.png"
    ]
  },
  {
    "IdName": "Resource_Cost_Reduction_Rogue",
    "Folder": "Affixes\\Equipment",
    "Images": [
      "de reduccion de costo.png",
      "energia.png"
    ]
  },
  {
    "IdName": "Evade_Charges",
    "Folder": "Affixes\\Equipment",
    "Images": [
      "cargas de evadir maximas.png"
    ]
  },
  {
    "IdName": "Resistance_Single_Lightning",
    "Folder": "Affixes\\Equipment",
    "Images": [
      "resistencia rayo.png"
    ]
  },
  {
    "IdName": "Resistance_Single_Shadow",
    "Folder": "Affixes\\Equipment",
    "Images": [
      "resistencia sombra.png"
    ]
  },
  {
    "IdName": "CoreStat_Intelligence",
    "Folder": "Affixes\\Equipment",
    "Images": [
      "inteligencia.png"
    ]
  },
  {
    "IdName": "Movement_Speed",
    "Folder": "Affixes\\Equipment",
    "Images": [
      "velocidad de movimiento.png",
      "[.png"
    ]
  },
  {
    "IdName": "CoreStat_Willpower",
    "Folder": "Affixes\\Equipment",
    "Images": [
      "voluntad.png"
    ]
  },
  {
    "IdName": "Resistance_Single_Poison",
    "Folder": "Affixes\\Equipment",
    "Images": [
      "resistencia veneno.png"
    ]
  },
  {
    "IdName": "SkillRankBonus_Rogue_Special_Caltrops",
    "Folder": "Affixes\\Equipment",
    "Images": [
      "rango.png",
      "abrojos.png"
    ]
  },
  {
    "IdName": "Dodge",
    "Folder": "Affixes\\Equipment",
    "Images": [
      "probabilidad de esquivar.png"
    ]
  },
  {
    "IdName": "Evade_Attack_Reset",
    "Folder": "Affixes\\Equipment",
    "Images": [
      "los ataques reducen la recuperacion.png"
    ]
  },
  {
    "IdName": "SkillRankBonus_Rogue_Special_ShadowStep",
    "Folder": "Affixes\\Equipment",
    "Images": [
      "rango.png",
      "paso umbrio.png"
    ]
  },
  {
    "IdName": "Resistance_All",
    "Folder": "Affixes\\Equipment",
    "Images": [
      "de resistencia a todos.png",
      "elementos.png"
    ]
  },
  {
    "IdName": "Resource_MaxEnergy",
    "Folder": "Affixes\\Equipment",
    "Images": [
      "energia como maximo.png"
    ]
  },
  {
    "IdName": "Damage_Weapon_DualWield",
    "Folder": "Affixes\\Equipment",
    "Images": [
      "de dano con armas de dos.png",
      "manos.png"
    ]
  },
  {
    "IdName": "PassiveRankBonus_Rogue_Cunning_T2_N2_DeadlyVenom",
    "Folder": "Affixes\\Equipment",
    "Images": [
      "rango.png",
      "pasiva de veneno.png"
    ]
  },
  {
    "IdName": "Barrier_Strength_Percent",
    "Folder": "Affixes\\Equipment",
    "Images": [
      "generacion de barrera.png"
    ]
  },
  {
    "IdName": "SkillRankBonus_Rogue_Special_ShadowImbue",
    "Folder": "Affixes\\Equipment",
    "Images": [
      "rango.png",
      "imbuicion umbria.png"
    ]
  },
  {
    "IdName": "Execute",
    "Folder": "Affixes\\Equipment",
    "Images": [
      "golpe afortunado tienes hasta un.png",
      "probabilidad de ejecutar.png",
      "no son de elite.png"
    ]
  },
  {
    "IdName": "Damage_Type_Bonus_Cold",
    "Folder": "Affixes\\Equipment",
    "Images": [
      "de dano de frio.png"
    ]
  },
  {
    "IdName": "Damage_With_Imbued",
    "Folder": "Affixes\\Equipment",
    "Images": [
      "de dano de habilidades.png",
      "imbuicion.png"
    ]
  },
  {
    "IdName": "Damage_Tag_Melee",
    "Folder": "Affixes\\Equipment",
    "Images": [
      "de dano de habilidad.png",
      "degollador.png"
    ]
  },
  {
    "IdName": "Damage_to_Frozen",
    "Folder": "Affixes\\Equipment",
    "Images": [
      "dano a enemigos.png",
      "congelado.png"
    ]
  },
  {
    "IdName": "SkillRankBonus_Rogue_Special_PoisonTrap",
    "Folder": "Affixes\\Equipment",
    "Images": [
      "rango.png",
      "trampa venenosa.png"
    ]
  },
  {
    "IdName": "SkillRankBonus_Rogue_Special_ColdImbue",
    "Folder": "Affixes\\Equipment",
    "Images": [
      "rango.png",
      "imbuicion gelida.png"
    ]
  },
  {
    "IdName": "legendary_generic_043",
    "Folder": "Aspects\\Equipment",
    "Images": [
      "rapido.png",
      "rapido2.png",
      "rapido3.png"
    ]
  },
  {
    "IdName": "legendary_rogue_029",
    "Folder": "Aspects\\Equipment",
    "Images": [
      "venenos explosivos1.png",
      "venenos explosivos2.png",
      "venenos explosivos3.png"
    ]
  },
  {
    "IdName": "legendary_rogue_028",
    "Folder": "Aspects\\Equipment",
    "Images": [
      "tormentas de flechas.png",
      "tormentas de flechas2.png",
      "tormentas de flechas3.png"
    ]
  },
  {
    "IdName": "legendary_generic_016",
    "Folder": "Aspects\\Equipment",
    "Images": [
      "golpeador de viento1.png",
      "golpeador de viento2.png"
    ]
  },
  {
    "IdName": "legendary_generic_112",
    "Folder": "Aspects\\Equipment",
    "Images": [
      "cobarde1.png",
      "cobarde2.png",
      "cobarde3.png"
    ]
  },
  {
    "IdName": "legendary_generic_106",
    "Folder": "Aspects\\Equipment",
    "Images": [
      "estallido de agujas.png"
    ]
  },
  {
    "IdName": "legendary_rogue_026",
    "Folder": "Aspects\\Equipment",
    "Images": [
      "rebanasombras.png"
    ]
  },
  {
    "IdName": "legendary_rogue_108",
    "Folder": "Aspects\\Equipment",
    "Images": [
      "vigor robado.png"
    ]
  },
  {
    "IdName": "legendary_rogue_120",
    "Folder": "Aspects\\Equipment",
    "Images": [
      "anochecer letal.png"
    ]
  },
  {
    "IdName": "legendary_rogue_114",
    "Folder": "Aspects\\Equipment",
    "Images": [
      "mutilador1.png",
      "mutilador2.png",
      "mutilador3.png"
    ]
  },
  {
    "IdName": "Legendary_Generic_111",
    "Folder": "Aspects\\Equipment",
    "Images": [
      "explotador1.png",
      "explotador2.png",
      "explotador3.png"
    ]
  },
  {
    "IdName": "legendary_generic_100",
    "Folder": "Aspects\\Equipment",
    "Images": [
      "caminante fantasmal.png"
    ]
  },
  {
    "IdName": "legendary_generic_102",
    "Folder": "Aspects\\Equipment",
    "Images": [
      "miseria compartida1.png",
      "miseria compartida2.png"
    ]
  },
  {
    "IdName": "legendary_rogue_100",
    "Folder": "Aspects\\Equipment",
    "Images": [
      "descargas ramificadas.png"
    ]
  },
  {
    "IdName": "legendary_rogue_010",
    "Folder": "Aspects\\Equipment",
    "Images": [
      "artero1.png",
      "artero2.png"
    ]
  },
  {
    "IdName": "legendary_generic_009",
    "Folder": "Aspects\\Equipment",
    "Images": [
      "poder1.png",
      "poder2.png",
      "poder3.png"
    ]
  },
  {
    "IdName": "Damage_Type_Bonus_Physical",
    "Folder": "Affixes\\Equipment",
    "Images": [
      "de dano de fisico.png"
    ]
  },
  {
    "IdName": "legendary_generic_021",
    "Folder": "Aspects\\Equipment",
    "Images": [
      "umbral1.png",
      "umbral2.png",
      "umbral3.png"
    ]
  },
  {
    "IdName": "legendary_rogue_021",
    "Folder": "Aspects\\Equipment",
    "Images": [
      "bailarin de cuchillas1.png",
      "bailarin de cuchillas2.png"
    ]
  },
  {
    "IdName": "legendary_generic_063",
    "Folder": "Aspects\\Equipment",
    "Images": [
      "maestro del filo1.png",
      "maestro del filo2.png",
      "maestro del filo3.png"
    ]
  },
  {
    "IdName": "legendary_rogue_126",
    "Folder": "Aspects\\Equipment",
    "Images": [
      "puntos pestilentes1.png",
      "puntos pestilentes2.png"
    ]
  },
  {
    "IdName": "CoreStat_IntelligencePercent",
    "Folder": "Affixes\\Equipment",
    "Images": [
      "inteligencia%.png"
    ]
  },
  {
    "IdName": "SkillRankBonus_Rogue_Category_Agility",
    "Folder": "Affixes\\Equipment",
    "Images": [
      "rango.png",
      "todas las habilidades.png",
      "agilidad.png"
    ]
  },
  {
    "IdName": "PassiveRankBonus_Rogue_Discipline_T3_N2_Impetus",
    "Folder": "Affixes\\Equipment",
    "Images": [
      "rango.png",
      "impetu.png"
    ]
  },
  {
    "IdName": "CC_Duration_Reduction",
    "Folder": "Affixes\\Equipment",
    "Images": [
      "reduccion de la.png",
      "duracion.png",
      "control.png"
    ]
  },
  {
    "IdName": "SkillRankBonus_Rogue_Core_2",
    "Folder": "Affixes\\Equipment",
    "Images": [
      "rango.png",
      "rafaga.png"
    ]
  },
  {
    "IdName": "SkillRankBonus_Rogue_Core_3",
    "Folder": "Affixes\\Equipment",
    "Images": [
      "rango.png",
      "aluvion.png"
    ]
  },
  {
    "IdName": "CC_Duration",
    "Folder": "Affixes\\Equipment",
    "Images": [
      "de duracion de control.png"
    ]
  },
  {
    "IdName": "CC_Duration_Reduction_Slow",
    "Folder": "Affixes\\Equipment",
    "Images": [
      "de reduccion de duracion.png",
      "ralentizar.png"
    ]
  },
  {
    "IdName": "Trap_Arm_Time",
    "Folder": "Affixes\\Equipment",
    "Images": [
      "tiempo de armado de trampas.png"
    ]
  },
  {
    "IdName": "HealingPercent",
    "Folder": "Affixes\\Equipment",
    "Images": [
      "de sanacion recibida.png"
    ]
  },
  {
    "IdName": "Damage_Type_Bonus_Shadow",
    "Folder": "Affixes\\Equipment",
    "Images": [
      "de dano de sombra.png"
    ]
  },
  {
    "IdName": "Damage_Type_Bonus_Poison",
    "Folder": "Affixes\\Equipment",
    "Images": [
      "de dano de veneno.png"
    ]
  },
  {
    "IdName": "Damage",
    "Folder": "Affixes\\Equipment",
    "Images": [
      "de dano.png"
    ]
  },
  {
    "IdName": "PotionCharges",
    "Folder": "Affixes\\Equipment",
    "Images": [
      "de cantidad de pociones.png"
    ]
  },
  {
    "IdName": "SkillRankBonus_Rogue_Category_Imbuements",
    "Folder": "Affixes\\Equipment",
    "Images": [
      "rango.png",
      "habilidades.png",
      "imbuicion.png"
    ]
  },
  {
    "IdName": "PassiveRankBonus_Rogue_Cunning_T3_N1_Exploit",
    "Folder": "Affixes\\Equipment",
    "Images": [
      "rango.png",
      "aprovechamiento.png"
    ]
  },
  {
    "IdName": "PotionDropBonus",
    "Folder": "Affixes\\Equipment",
    "Images": [
      "de probabilidad de obtener.png",
      "pociones.png"
    ]
  },
  {
    "IdName": "SkillRankBonus_Generic_Category_Core",
    "Folder": "Affixes\\Equipment",
    "Images": [
      "rango.png",
      "todas las habilidades.png",
      "principal.png"
    ]
  },
  {
    "IdName": "legendary_rogue_113",
    "Folder": "Aspects\\Equipment",
    "Images": [
      "corrupcion.png"
    ]
  },
  {
    "IdName": "Legendary_Generic_110",
    "Folder": "Aspects\\Equipment",
    "Images": [
      "acelerante1.png",
      "acelerante2.png"
    ]
  },
  {
    "IdName": "legendary_generic_036",
    "Folder": "Aspects\\Equipment",
    "Images": [
      "desobediencia1.png",
      "desobediencia2.png"
    ]
  },
  {
    "IdName": "legendary_rogue_110",
    "Folder": "Aspects\\Equipment",
    "Images": [
      "niebla aceleradora.png"
    ]
  },
  {
    "IdName": "legendary_generic_113",
    "Folder": "Aspects\\Equipment",
    "Images": [
      "audacia.png"
    ]
  },
  {
    "IdName": "PassiveRankBonus_Rogue_Cunning_T4_N1_FrigidFinesse",
    "Folder": "Affixes\\Equipment",
    "Images": [
      "rango.png",
      "fineza.png",
      "frigida.png"
    ]
  },
  {
    "IdName": "SkillRankBonus_Rogue_Special_SmokeBomb",
    "Folder": "Affixes\\Equipment",
    "Images": [
      "rango.png",
      "granada de humo.png"
    ]
  },
  {
    "IdName": "SkillRankBonus_Rogue_Special_DarkShroud",
    "Folder": "Affixes\\Equipment",
    "Images": [
      "rango.png",
      "sudario oscuro.png"
    ]
  },
  {
    "IdName": "SkillRankBonus_Rogue_Core_1",
    "Folder": "Affixes\\Equipment",
    "Images": [
      "rango.png",
      "disparo rapido.png"
    ]
  },
  {
    "IdName": "ResourceGain",
    "Folder": "Affixes\\Equipment",
    "Images": [
      "de generacion de recursos.png"
    ]
  },
  {
    "IdName": "PotionGrantsResource",
    "Folder": "Affixes\\Equipment",
    "Images": [
      "mientras sufras heridas.png",
      "tambien restaura.png",
      "de recurso.png"
    ]
  },
  {
    "IdName": "Damage_Tag_Ranged",
    "Folder": "Affixes\\Equipment",
    "Images": [
      "de dano de habilidad tirador.png"
    ]
  },
  {
    "IdName": "Damage_Tag_Trap",
    "Folder": "Affixes\\Equipment",
    "Images": [
      "de dano de habilidad trampa.png"
    ]
  },
  {
    "IdName": "World_DGN_Scos_FloodedDepths",
    "Folder": "Affixes\\Sigils",
    "Images": [
      "profundidades inundadas.png"
    ]
  },
  {
    "IdName": "DungeonAffix_Positive_Thorns",
    "Folder": "Affixes\\Sigils",
    "Images": [
      "espinas.png"
    ]
  },
  {
    "IdName": "DungeonAffix_Major_Lightning Storm",
    "Folder": "Affixes\\Sigils",
    "Images": [
      "tormenta electrica.png"
    ]
  },
  {
    "IdName": "DungeonAffix_Minor_Monster_ExtraBleeding",
    "Folder": "Affixes\\Sigils",
    "Images": [
      "dano de sangrado de monstruos.png"
    ]
  },
  {
    "IdName": "DungeonAffix_Minor_Monster_Barrier",
    "Folder": "Affixes\\Sigils",
    "Images": [
      "barrera de monstruos.png"
    ]
  },
  {
    "IdName": "DungeonAffix_Minor_Monster_AntiVulnerable",
    "Folder": "Affixes\\Sigils",
    "Images": [
      "resistencia de monstruos a quedar vulnerables.png"
    ]
  },
  {
    "IdName": "World_DGN_Hawe_BelfryZakara",
    "Folder": "Affixes\\Sigils",
    "Images": [
      "campanario de zakara.png"
    ]
  },
  {
    "IdName": "DungeonAffix_Positive_EvadeLeavesPoison",
    "Folder": "Affixes\\Sigils",
    "Images": [
      "evasion venenosa.png"
    ]
  },
  {
    "IdName": "DungeonAffix_Major_Empowered Elites (Poison)",
    "Folder": "Affixes\\Sigils",
    "Images": [
      "elites potenciados encantamiento de veneno.png"
    ]
  },
  {
    "IdName": "DungeonAffix_Minor_Monster_ExtraCorruption",
    "Folder": "Affixes\\Sigils",
    "Images": [
      "dano de sombra con el tiempo de monstruos.png"
    ]
  },
  {
    "IdName": "DungeonAffix_Minor_Monster_LessPoison",
    "Folder": "Affixes\\Sigils",
    "Images": [
      "resistencia de monstruos al veneno.png"
    ]
  },
  {
    "IdName": "DungeonAffix_Minor_Monster_AttackBehind",
    "Folder": "Affixes\\Sigils",
    "Images": [
      "traicioneros.png"
    ]
  },
  {
    "IdName": "DungeonAffix_Positive_GoldFind",
    "Folder": "Affixes\\Sigils",
    "Images": [
      "hallazgo de oro.png"
    ]
  },
  {
    "IdName": "World_DGN_Hawe_SteadfastBarracks",
    "Folder": "Affixes\\Sigils",
    "Images": [
      "barracas inalterables.png"
    ]
  },
  {
    "IdName": "DungeonAffix_Minor_Monster_ExtraBurning",
    "Folder": "Affixes\\Sigils",
    "Images": [
      "dano de quemadura de monstruos.png"
    ]
  },
  {
    "IdName": "DungeonAffix_Minor_Monster_ReduceDodge",
    "Folder": "Affixes\\Sigils",
    "Images": [
      "quebrantadores de maniobras evasivas.png"
    ]
  },
  {
    "IdName": "World_DGN_Kehj_CrusadersCathedral",
    "Folder": "Affixes\\Sigils",
    "Images": [
      "catedral de los guerreros divinos.png"
    ]
  },
  {
    "IdName": "DungeonAffix_Positive_IncreasedCritChance",
    "Folder": "Affixes\\Sigils",
    "Images": [
      "dano de golpe critico aumentado.png"
    ]
  },
  {
    "IdName": "DungeonAffix_Major_Empowered Elites (Suppressor)",
    "Folder": "Affixes\\Sigils",
    "Images": [
      "elites potenciados inhibidor.png"
    ]
  },
  {
    "IdName": "DungeonAffix_Minor_Monster_HPRegen",
    "Folder": "Affixes\\Sigils",
    "Images": [
      "regeneracion de monstruos.png"
    ]
  },
  {
    "IdName": "DungeonAffix_Minor_Monster_BarrierKiller",
    "Folder": "Affixes\\Sigils",
    "Images": [
      "rompebarreras.png"
    ]
  },
  {
    "IdName": "World_DGN_Step_CarrionFields",
    "Folder": "Affixes\\Sigils",
    "Images": [
      "campos de carrona.png"
    ]
  },
  {
    "IdName": "DungeonAffix_Positive_PeriodicLightning",
    "Folder": "Affixes\\Sigils",
    "Images": [
      "invocador de rayo.png"
    ]
  },
  {
    "IdName": "DungeonAffix_Major_Empowered Elites (Electric Lance)",
    "Folder": "Affixes\\Sigils",
    "Images": [
      "elites potenciados lanza de choque.png"
    ]
  },
  {
    "IdName": "DungeonAffix_Minor_Monster_ExtraLightning",
    "Folder": "Affixes\\Sigils",
    "Images": [
      "dano de rayo de monstruos.png"
    ]
  },
  {
    "IdName": "DungeonAffix_Minor_Monster_LessLightning",
    "Folder": "Affixes\\Sigils",
    "Images": [
      "resistencia de monstruos al rayo.png"
    ]
  },
  {
    "IdName": "DungeonAffix_Minor_Monster_Unstoppable",
    "Folder": "Affixes\\Sigils",
    "Images": [
      "monstruos imparables.png"
    ]
  },
  {
    "IdName": "World_DGN_Hawe_EndlessGates",
    "Folder": "Affixes\\Sigils",
    "Images": [
      "puertas del infinito.png"
    ]
  },
  {
    "IdName": "DungeonAffix_Positive_EvadePushesEnemies",
    "Folder": "Affixes\\Sigils",
    "Images": [
      "empuje de evasor.png"
    ]
  },
  {
    "IdName": "DungeonAffix_Minor_Monster_ReduceHealing",
    "Folder": "Affixes\\Sigils",
    "Images": [
      "quebrantadores de pociones.png"
    ]
  },
  {
    "IdName": "World_DGN_Hawe_FetidMausoleum",
    "Folder": "Affixes\\Sigils",
    "Images": [
      "mausoleo fetido.png"
    ]
  },
  {
    "IdName": "DungeonAffix_Major_Avenger",
    "Folder": "Affixes\\Sigils",
    "Images": [
      "vengador.png"
    ]
  },
  {
    "IdName": "DungeonAffix_Minor_Monster_ExtraPoison",
    "Folder": "Affixes\\Sigils",
    "Images": [
      "dano de veneno de monstruos.png"
    ]
  },
  {
    "IdName": "DungeonAffix_Minor_Monster_LessRanged",
    "Folder": "Affixes\\Sigils",
    "Images": [
      "defensores a distancia.png"
    ]
  },
  {
    "IdName": "DungeonAffix_Minor_Monster_ExtraCold",
    "Folder": "Affixes\\Sigils",
    "Images": [
      "dano de frio de los monstruos.png"
    ]
  },
  {
    "IdName": "DungeonAffix_Minor_Monster_LessCorruption",
    "Folder": "Affixes\\Sigils",
    "Images": [
      "resistencia de dano de sombra con el tiempo de monstruos.png"
    ]
  },
  {
    "IdName": "World_DGN_Hawe_GhoaRuins",
    "Folder": "Affixes\\Sigils",
    "Images": [
      "ruinas de ghoa.png"
    ]
  },
  {
    "IdName": "DungeonAffix_Positive_IncreasedHealing",
    "Folder": "Affixes\\Sigils",
    "Images": [
      "sanacion aumentada.png"
    ]
  },
  {
    "IdName": "DungeonAffix_Major_Blood Blister",
    "Folder": "Affixes\\Sigils",
    "Images": [
      "ulcera sangrante.png"
    ]
  },
  {
    "IdName": "DungeonAffix_Minor_Monster_AttackFaster",
    "Folder": "Affixes\\Sigils",
    "Images": [
      "velocidad de ataque de monstruos.png"
    ]
  },
  {
    "IdName": "DungeonAffix_Minor_Monster_AntiCrit",
    "Folder": "Affixes\\Sigils",
    "Images": [
      "resistencia de monstruos a los golpes criticos.png"
    ]
  },
  {
    "IdName": "DungeonAffix_Minor_Monster_AntiOverpower",
    "Folder": "Affixes\\Sigils",
    "Images": [
      "resistencia de monstruos a ser abrumados.png"
    ]
  },
  {
    "IdName": "World_DGN_Hawe_HeathensKeep",
    "Folder": "Affixes\\Sigils",
    "Images": [
      "torreon del pagano.png"
    ]
  },
  {
    "IdName": "DungeonAffix_Positive_StunCausesBurning",
    "Folder": "Affixes\\Sigils",
    "Images": [
      "explosiones de perdida de control.png"
    ]
  },
  {
    "IdName": "DungeonAffix_Minor_Monster_LessShadow",
    "Folder": "Affixes\\Sigils",
    "Images": [
      "resistencia de monstruos a la sombra.png"
    ]
  },
  {
    "IdName": "DungeonAffix_Minor_Monster_ReduceResistance",
    "Folder": "Affixes\\Sigils",
    "Images": [
      "quebrantadores de resistencias.png"
    ]
  },
  {
    "IdName": "World_DGN_Kehj_SiroccoCaverns",
    "Folder": "Affixes\\Sigils",
    "Images": [
      "cavernas de siroco.png"
    ]
  },
  {
    "IdName": "DungeonAffix_Positive_AttackMoveSpeedOnKill",
    "Folder": "Affixes\\Sigils",
    "Images": [
      "asesino veloz.png"
    ]
  },
  {
    "IdName": "DungeonAffix_Minor_Monster_HPBonus",
    "Folder": "Affixes\\Sigils",
    "Images": [
      "vida de monstruos.png"
    ]
  },
  {
    "IdName": "DungeonAffix_Minor_Monster_ChanceSlow",
    "Folder": "Affixes\\Sigils",
    "Images": [
      "proyectiles ralentizadores.png"
    ]
  },
  {
    "IdName": "World_DGN_Step_GrinningLabyrinth",
    "Folder": "Affixes\\Sigils",
    "Images": [
      "laberinto sonriente.png"
    ]
  },
  {
    "IdName": "World_DGN_Scos_BrokenBulwark",
    "Folder": "Affixes\\Sigils",
    "Images": [
      "bastion quebrado.png"
    ]
  },
  {
    "IdName": "World_DGN_Frac_LightsWatch",
    "Folder": "Affixes\\Sigils",
    "Images": [
      "vigilia de la luz.png"
    ]
  },
  {
    "IdName": "DungeonAffix_Minor_Monster_ExtraFire",
    "Folder": "Affixes\\Sigils",
    "Images": [
      "dano de fuego de monstruos.png"
    ]
  },
  {
    "IdName": "DungeonAffix_Major_Nightmare Portal",
    "Folder": "Affixes\\Sigils",
    "Images": [
      "portal de pesadilla.png"
    ]
  },
  {
    "IdName": "World_DGN_Kehj_Conclave",
    "Folder": "Affixes\\Sigils",
    "Images": [
      "conclave.png"
    ]
  },
  {
    "IdName": "DungeonAffix_Positive_ShadowDamage",
    "Folder": "Affixes\\Sigils",
    "Images": [
      "dano de sombra.png"
    ]
  },
  {
    "IdName": "DungeonAffix_Major_StormbanesWrath",
    "Folder": "Affixes\\Sigils",
    "Images": [
      "ira de tormenta.png"
    ]
  },
  {
    "IdName": "DungeonAffix_Minor_Monster_SunderArmor",
    "Folder": "Affixes\\Sigils",
    "Images": [
      "quebrantadores de armadura.png"
    ]
  },
  {
    "IdName": "DungeonAffix_Positive_CooldownReductionOnKill",
    "Folder": "Affixes\\Sigils",
    "Images": [
      "reduces tus recuperaciones con cada eliminacion.png"
    ]
  },
  {
    "IdName": "World_DGN_Frac_ForbiddenCity",
    "Folder": "Affixes\\Sigils",
    "Images": [
      "ciudad prohibida.png"
    ]
  },
  {
    "IdName": "DungeonAffix_Positive_PhysicalDamage",
    "Folder": "Affixes\\Sigils",
    "Images": [
      "dano fisico.png"
    ]
  },
  {
    "IdName": "DungeonAffix_Minor_Monster_LessMelee",
    "Folder": "Affixes\\Sigils",
    "Images": [
      "defensores de mele.png"
    ]
  },
  {
    "IdName": "World_DGN_Kehj_SepulcherOfTheForsworn",
    "Folder": "Affixes\\Sigils",
    "Images": [
      "sepulcro del abjurador.png"
    ]
  },
  {
    "IdName": "DungeonAffix_Positive_FireDamage",
    "Folder": "Affixes\\Sigils",
    "Images": [
      "dano de fuego.png"
    ]
  },
  {
    "IdName": "World_DGN_Kehj_Inferno",
    "Folder": "Affixes\\Sigils",
    "Images": [
      "infierno.png"
    ]
  },
  {
    "IdName": "World_DGN_Scos_JalalsVigil",
    "Folder": "Affixes\\Sigils",
    "Images": [
      "vigilia de jalal.png"
    ]
  },
  {
    "IdName": "World_DGN_Frac_RitualTower",
    "Folder": "Affixes\\Sigils",
    "Images": [
      "ruinas atormentadas.png"
    ]
  },
  {
    "IdName": "DungeonAffix_Major_Drifting Shade",
    "Folder": "Affixes\\Sigils",
    "Images": [
      "sombra errante.png"
    ]
  },
  {
    "IdName": "World_DGN_Step_WhisperingVault",
    "Folder": "Affixes\\Sigils",
    "Images": [
      "boveda susurrante.png"
    ]
  },
  {
    "IdName": "DungeonAffix_Major_Volcanic",
    "Folder": "Affixes\\Sigils",
    "Images": [
      "volcanico.png"
    ]
  },
  {
    "IdName": "DungeonAffix_Positive_DamageReductionForMissingHealth",
    "Folder": "Affixes\\Sigils",
    "Images": [
      "dureza de batalla.png"
    ]
  },
  {
    "IdName": "World_DGN_Step_BloodsoakedCrag",
    "Folder": "Affixes\\Sigils",
    "Images": [
      "penasco ensangrentado.png"
    ]
  },
  {
    "IdName": "DungeonAffix_Positive_FrostDamage",
    "Folder": "Affixes\\Sigils",
    "Images": [
      "dano de hielo.png"
    ]
  },
  {
    "IdName": "DungeonAffix_Positive_PoisonDamage",
    "Folder": "Affixes\\Sigils",
    "Images": [
      "dano de veneno.png"
    ]
  },
  {
    "IdName": "World_DGN_Kehj_DesertedUnderpass",
    "Folder": "Affixes\\Sigils",
    "Images": [
      "paso subterraneo desierto.png"
    ]
  },
  {
    "IdName": "World_DGN_Scos_LubansRest",
    "Folder": "Affixes\\Sigils",
    "Images": [
      "descanso de luban.png"
    ]
  },
  {
    "IdName": "DungeonAffix_Minor_Monster_ExtraShadow",
    "Folder": "Affixes\\Sigils",
    "Images": [
      "dano de sombra de monstruos.png"
    ]
  },
  {
    "IdName": "World_DGN_Hawe_LeviathansMaw",
    "Folder": "Affixes\\Sigils",
    "Images": [
      "fauces de leviatan.png"
    ]
  },
  {
    "IdName": "legendary_rogue_104",
    "Folder": "Aspects\\Equipment",
    "Images": [
      "cruel sustento1.png",
      "cruel sustento2.png",
      "cruel sustento3.png"
    ]
  },
  {
    "IdName": "legendary_rogue_121",
    "Folder": "Aspects\\Equipment",
    "Images": [
      "amenaza elusiva1.png",
      "amenaza elusiva2.png"
    ]
  },
  {
    "IdName": "legendary_generic_109",
    "Folder": "Aspects\\Equipment",
    "Images": [
      "puntitivo.png"
    ]
  },
  {
    "IdName": "Resource_MaxMana",
    "Folder": "Affixes\\Equipment",
    "Images": [
      "mana como maximo.png"
    ]
  },
  {
    "IdName": "legendary_generic_107",
    "Folder": "Aspects\\Equipment",
    "Images": [
      "barrera de desvio1.png",
      "barrera de desvio2.png"
    ]
  },
  {
    "IdName": "legendary_rogue_117",
    "Folder": "Aspects\\Equipment",
    "Images": [
      "hielo nocivo1.png",
      "hielo nocivo2.png"
    ]
  },
  {
    "IdName": "legendary_generic_034",
    "Folder": "Aspects\\Equipment",
    "Images": [
      "protector1.png",
      "protector2.png"
    ]
  },
  {
    "IdName": "legendary_rogue_102",
    "Folder": "Aspects\\Equipment",
    "Images": [
      "impetu explosivo1.png",
      "impetu explosivo2.png",
      "impetu explosivo3.png"
    ]
  },
  {
    "IdName": "Luck_With_Barrier",
    "Folder": "Affixes\\Equipment",
    "Images": [
      "probabilidad de golpe.png",
      "mientras tengas.png",
      "barrera.png"
    ]
  },
  {
    "IdName": "DamageReductionClose",
    "Folder": "Affixes\\Equipment",
    "Images": [
      "reduccion de dano2.png",
      "enemigos cercanos.png"
    ]
  },
  {
    "IdName": "SkillRankBonus_Rogue_Special_Concealment",
    "Folder": "Affixes\\Equipment",
    "Images": [
      "rango.png",
      "ocultamiento.png"
    ]
  },
  {
    "IdName": "DamageReduction_Poisoned",
    "Folder": "Affixes\\Equipment",
    "Images": [
      "reduccion de dano2.png",
      "estado envenenado.png"
    ]
  },
  {
    "IdName": "Dodge_Melee",
    "Folder": "Affixes\\Equipment",
    "Images": [
      "probabilidad de esquivar2.png",
      "enemigos cercanos.png"
    ]
  },
  {
    "IdName": "Dodge_Ranged",
    "Folder": "Affixes\\Equipment",
    "Images": [
      "probabilidad de esquivar2.png",
      "enemigos lejanos.png"
    ]
  },
  {
    "IdName": "SkillRankBonus_Rogue_Special_Dash",
    "Folder": "Affixes\\Equipment",
    "Images": [
      "rango.png",
      "arremetida.png"
    ]
  },
  {
    "IdName": "legendary_generic_103",
    "Folder": "Aspects\\Equipment",
    "Images": [
      "evasivo.png"
    ]
  },
  {
    "IdName": "legendary_generic_011",
    "Folder": "Aspects\\Equipment",
    "Images": [
      "protectorr1.png",
      "protectorr2.png"
    ]
  },
  {
    "IdName": "Life_On_Kill",
    "Folder": "Affixes\\Equipment",
    "Images": [
      "vida con cada eliminacion.png"
    ]
  },
  {
    "IdName": "Damage_WeaponSwap",
    "Folder": "Affixes\\Equipment",
    "Images": [
      "de da\u00F1o con habilidades.png",
      "nuevas armas.png"
    ]
  },
  {
    "IdName": "World_DGN_Scos_VaultofTheForsaken",
    "Folder": "Affixes\\Sigils",
    "Images": [
      "boveda de los olvidados.png"
    ]
  },
  {
    "IdName": "DungeonAffix_Major_DeathPulse",
    "Folder": "Affixes\\Sigils",
    "Images": [
      "pulso de muerte.png"
    ]
  },
  {
    "IdName": "DamageReductionInjured",
    "Folder": "Affixes\\Equipment",
    "Images": [
      "reduccion de dano2.png",
      "heridas.png"
    ]
  },
  {
    "IdName": "Damage_to_Slowed",
    "Folder": "Affixes\\Equipment",
    "Images": [
      "dano a enemigos.png",
      "ralentizado.png"
    ]
  },
  {
    "IdName": "CDR_Traps",
    "Folder": "Affixes\\Equipment",
    "Images": [
      "reduccion de recuperacion.png",
      "de trampa.png"
    ]
  },
  {
    "IdName": "DamageReductionDistant",
    "Folder": "Affixes\\Equipment",
    "Images": [
      "reduccion de dano2.png",
      "enemigos lejanos.png"
    ]
  },
  {
    "IdName": "CoreStat_StrengthPercent",
    "Folder": "Affixes\\Equipment",
    "Images": [
      "fuerza%.png"
    ]
  },
  {
    "IdName": "Damage_Weapon_Ranged",
    "Folder": "Affixes\\Equipment",
    "Images": [
      "dano con armas de rango.png"
    ]
  },
  {
    "IdName": "CDR_Imbues",
    "Folder": "Affixes\\Equipment",
    "Images": [
      "reduccion de recuperacion.png",
      "de imbuicion.png"
    ]
  },
  {
    "IdName": "legendary_rogue_127",
    "Folder": "Aspects\\Equipment",
    "Images": [
      "iniciativa artistica.png"
    ]
  },
  {
    "IdName": "legendary_generic_027",
    "Folder": "Aspects\\Equipment",
    "Images": [
      "engreido1.png",
      "engreido2.png"
    ]
  },
  {
    "IdName": "legendary_rogue_101",
    "Folder": "Aspects\\Equipment",
    "Images": [
      "mutilador1.png",
      "trampero explosivo.png"
    ]
  },
  {
    "IdName": "DungeonAffix_Minor_Monster_LessBurning",
    "Folder": "Affixes\\Sigils",
    "Images": [
      "resistencia de monstruos a la quemadura.png"
    ]
  },
  {
    "IdName": "DungeonAffix_Positive_LightningDamage",
    "Folder": "Affixes\\Sigils",
    "Images": [
      "dano de rayo.png"
    ]
  },
  {
    "IdName": "CritDamage_With_Lightning",
    "Folder": "Affixes\\Equipment",
    "Images": [
      "dano de golpe critico.png",
      "rayo.png"
    ]
  },
  {
    "IdName": "legendary_rogue_004",
    "Folder": "Aspects\\Equipment",
    "Images": [
      "envolvente.png"
    ]
  },
  {
    "IdName": "DungeonAffix_Minor_Monster_LessPhysical",
    "Folder": "Affixes\\Sigils",
    "Images": [
      "resistencia de mosntruos a lo fisico.png"
    ]
  },
  {
    "IdName": "legendary_generic_014",
    "Folder": "Aspects\\Equipment",
    "Images": [
      "calma interior1.png",
      "calma interior2.png"
    ]
  },
  {
    "IdName": "FortifyBonus",
    "Folder": "Affixes\\Equipment",
    "Images": [
      "generacion de fortificacion.png"
    ]
  },
  {
    "IdName": "FortifyDamageReduction",
    "Folder": "Affixes\\Equipment",
    "Images": [
      "reduccion de dano2.png",
      "fortificacion.png"
    ]
  },
  {
    "IdName": "Damage_to_Bleeding",
    "Folder": "Affixes\\Equipment",
    "Images": [
      "dano a enemigos.png",
      "sangrado.png"
    ]
  },
  {
    "IdName": "legendary_rogue_109",
    "Folder": "Aspects\\Equipment",
    "Images": [
      "oportunista.png"
    ]
  },
  {
    "IdName": "legendary_rogue_105",
    "Folder": "Aspects\\Equipment",
    "Images": [
      "vengativo.png"
    ]
  },
  {
    "IdName": "PassiveRankBonus_Rogue_Cunning_T4_N2_Malice",
    "Folder": "Affixes\\Equipment",
    "Images": [
      "rango.png",
      "malicia.png"
    ]
  },
  {
    "IdName": "legendary_rogue_122",
    "Folder": "Aspects\\Equipment",
    "Images": [
      "inflitrador.png"
    ]
  },
  {
    "IdName": "legendary_rogue_011",
    "Folder": "Aspects\\Equipment",
    "Images": [
      "cuchillas circundantes.png"
    ]
  },
  {
    "IdName": "Damage_to_Burning",
    "Folder": "Affixes\\Equipment",
    "Images": [
      "dano a enemigos.png",
      "quemadura.png"
    ]
  },
  {
    "IdName": "BloodOrb_Healing",
    "Folder": "Affixes\\Equipment",
    "Images": [
      "sanacion de orbe.png"
    ]
  },
  {
    "IdName": "CritDamage_With_Bone",
    "Folder": "Affixes\\Equipment",
    "Images": [
      "habilidades de hueso.png"
    ]
  },
  {
    "IdName": "SkillRankBonus_Rogue_Category_Subterfuge",
    "Folder": "Affixes\\Equipment",
    "Images": [
      "subterfugio.png",
      "rango.png"
    ]
  },
  {
    "IdName": "CritDamage_With_Wolf",
    "Folder": "Affixes\\Equipment",
    "Images": [
      "golpe critico con.png",
      "hombre lobo.png"
    ]
  },
  {
    "IdName": "Berserk_Damage",
    "Folder": "Affixes\\Equipment",
    "Images": [
      "estar en estado.png",
      "enajenacion.png"
    ]
  },
  {
    "IdName": "PassiveRankBonus_Rogue_Discipline_T2_N1_WeaponMastery",
    "Folder": "Affixes\\Equipment",
    "Images": [
      "rango.png",
      "pasiva de dominio.png",
      "arma.png"
    ]
  },
  {
    "IdName": "CoreStat_WillpowerPercent",
    "Folder": "Affixes\\Equipment",
    "Images": [
      "voluntad%.png"
    ]
  },
  {
    "IdName": "legendary_rogue_020",
    "Folder": "Aspects\\Equipment",
    "Images": [
      "imbuiciones inestables.png"
    ]
  },
  {
    "IdName": "legendary_rogue_018",
    "Folder": "Aspects\\Equipment",
    "Images": [
      "sorpresa.png"
    ]
  },
  {
    "IdName": "Legendary_Rogue_124",
    "Folder": "Aspects\\Equipment",
    "Images": [
      "repetidor.png"
    ]
  },
  {
    "IdName": "legendary_rogue_123",
    "Folder": "Aspects\\Equipment",
    "Images": [
      "congelado.png"
    ]
  },
  {
    "IdName": "legendary_rogue_107",
    "Folder": "Aspects\\Equipment",
    "Images": [
      "escapista.png"
    ]
  },
  {
    "IdName": "legendary_generic_114",
    "Folder": "Aspects\\Equipment",
    "Images": [
      "elementos.png"
    ]
  },
  {
    "IdName": "legendary_generic_038",
    "Folder": "Aspects\\Equipment",
    "Images": [
      "retribucion.png"
    ]
  },
  {
    "IdName": "legendary_generic_006",
    "Folder": "Aspects\\Equipment",
    "Images": [
      "luz estelar.png"
    ]
  },
  {
    "IdName": "legendary_rogue_112",
    "Folder": "Aspects\\Equipment",
    "Images": [
      "provisiones succionadas1.png",
      "provisiones succionadas2.png"
    ]
  },
  {
    "IdName": "Legendary_Rogue_125",
    "Folder": "Aspects\\Equipment",
    "Images": [
      "quiebre gelido.png"
    ]
  },
  {
    "IdName": "Resource_Cost_Reduction_Druid",
    "Folder": "Affixes\\Equipment",
    "Images": [
      "de reduccion de costo.png",
      "espiritu.png"
    ]
  },
  {
    "IdName": "Damage_to_Shadow_DoT",
    "Folder": "Affixes\\Equipment",
    "Images": [
      "dano a enemigos en.png",
      "estado dano.png"
    ]
  },
  {
    "IdName": "OverpowerDamage_With_Bear",
    "Folder": "Affixes\\Equipment",
    "Images": [
      "dano abrumador con.png",
      "hombre oso.png"
    ]
  },
  {
    "IdName": "CritDamage_With_Earth",
    "Folder": "Affixes\\Equipment",
    "Images": [
      "golpe critico con.png",
      "de tierra.png"
    ]
  },
  {
    "IdName": "legendary_sorc_122",
    "Folder": "Aspects\\Equipment",
    "Images": [
      "atadura intacta.png"
    ]
  },
  {
    "IdName": "Legendary_Sorc_134",
    "Folder": "Aspects\\Equipment",
    "Images": [
      "energia abundante.png"
    ]
  },
  {
    "IdName": "legendary_sorc_115",
    "Folder": "Aspects\\Equipment",
    "Images": [
      "oleaje de tormenta1.png",
      "oleaje de tormenta2.png"
    ]
  },
  {
    "IdName": "Damage_CracklingEnergy",
    "Folder": "Affixes\\Equipment",
    "Images": [
      "crepitante.png"
    ]
  },
  {
    "IdName": "legendary_sorc_008",
    "Folder": "Aspects\\Equipment",
    "Images": [
      "tres maldiciones.png"
    ]
  },
  {
    "IdName": "Damage_Tag_Pyromancy",
    "Folder": "Affixes\\Equipment",
    "Images": [
      "de dano de habilidad.png",
      "piromancia.png"
    ]
  },
  {
    "IdName": "legendary_sorc_126",
    "Folder": "Aspects\\Equipment",
    "Images": [
      "firme.png"
    ]
  },
  {
    "IdName": "legendary_sorc_129",
    "Folder": "Aspects\\Equipment",
    "Images": [
      "control1.png",
      "control2.png"
    ]
  },
  {
    "IdName": "legendary_sorc_118",
    "Folder": "Aspects\\Equipment",
    "Images": [
      "recarga.png"
    ]
  },
  {
    "IdName": "Damage_Type_Bonus_Lightning",
    "Folder": "Affixes\\Equipment",
    "Images": [
      "de dano de rayo.png"
    ]
  },
  {
    "IdName": "SkillRankBonus_Sorc_Category_Mastery",
    "Folder": "Affixes\\Equipment",
    "Images": [
      "rango.png",
      "todas las habilidades.png",
      "dominio [.png"
    ]
  },
  {
    "IdName": "PassiveRankBonus_Sorc_Fire_T2_N2_EndlessPyre",
    "Folder": "Affixes\\Equipment",
    "Images": [
      "rango.png",
      "la pasiva de pira.png"
    ]
  },
  {
    "IdName": "SkillRankBonus_Sorc_Special_Teleport",
    "Folder": "Affixes\\Equipment",
    "Images": [
      "rango.png",
      "teletransportar.png"
    ]
  },
  {
    "IdName": "legendary_sorc_119",
    "Folder": "Aspects\\Equipment",
    "Images": [
      "gravitatorio.png"
    ]
  },
  {
    "IdName": "legendary_rogue_106",
    "Folder": "Aspects\\Equipment",
    "Images": [
      "voraz1.png",
      "voraz2.png"
    ]
  },
  {
    "IdName": "legendary_rogue_111",
    "Folder": "Aspects\\Equipment",
    "Images": [
      "engano.png"
    ]
  },
  {
    "IdName": "legendary_rogue_013",
    "Folder": "Aspects\\Equipment",
    "Images": [
      "sombras volatiles.png"
    ]
  },
  {
    "IdName": "legendary_rogue_019",
    "Folder": "Aspects\\Equipment",
    "Images": [
      "embustero.png"
    ]
  },
  {
    "IdName": "legendary_rogue_103",
    "Folder": "Aspects\\Equipment",
    "Images": [
      "traicion asombrosa.png"
    ]
  },
  {
    "IdName": "legendary_rogue_014",
    "Folder": "Aspects\\Equipment",
    "Images": [
      "energizante1.png",
      "energizante2.png"
    ]
  },
  {
    "IdName": "World_DGN_Scos_Oldstones",
    "Folder": "Affixes\\Sigils",
    "Images": [
      "piedras viejas.png"
    ]
  },
  {
    "IdName": "World_DGN_Kehj_RenegadesRetreat",
    "Folder": "Affixes\\Sigils",
    "Images": [
      "refugio de los renegados.png"
    ]
  },
  {
    "IdName": "legendary_rogue_024",
    "Folder": "Aspects\\Equipment",
    "Images": [
      "alquimista helado1.png",
      "alquimista helado2.png"
    ]
  },
  {
    "IdName": "legendary_rogue_023",
    "Folder": "Aspects\\Equipment",
    "Images": [
      "alquimista helado1.png",
      "alquimista toxico.png"
    ]
  },
  {
    "IdName": "Damage_Category_SorcMastery",
    "Folder": "Affixes\\Equipment",
    "Images": [
      "dano de habilidad dominio.png",
      "[.png"
    ]
  },
  {
    "IdName": "legendary_generic_067",
    "Folder": "Aspects\\Equipment",
    "Images": [
      "impaciente.png"
    ]
  },
  {
    "IdName": "legendary_rogue_119",
    "Folder": "Aspects\\Equipment",
    "Images": [
      "sinergia.png"
    ]
  },
  {
    "IdName": "legendary_rogue_118",
    "Folder": "Aspects\\Equipment",
    "Images": [
      "arrasador.png"
    ]
  },
  {
    "IdName": "World_DGN_Frac_HallowedOssuary",
    "Folder": "Affixes\\Sigils",
    "Images": [
      "osario bendito.png"
    ]
  },
  {
    "IdName": "legendary_generic_115",
    "Folder": "Aspects\\Equipment",
    "Images": [
      "matanza.png"
    ]
  },
  {
    "IdName": "Resource_Cost_Reduction_Sorcerer",
    "Folder": "Affixes\\Equipment",
    "Images": [
      "reduccion de costo de mana.png"
    ]
  },
  {
    "IdName": "legendary_rogue_116",
    "Folder": "Aspects\\Equipment",
    "Images": [
      "umbrio.png"
    ]
  },
  {
    "IdName": "SkillRankBonus_Sorc_Special_LightningSpear",
    "Folder": "Affixes\\Equipment",
    "Images": [
      "rango.png",
      "lanza de rayo.png"
    ]
  },
  {
    "IdName": "SkillRankBonus_Sorc_Special_Hydra",
    "Folder": "Affixes\\Equipment",
    "Images": [
      "rango.png",
      "de hidra.png"
    ]
  },
  {
    "IdName": "Damage_Tag_Frost",
    "Folder": "Affixes\\Equipment",
    "Images": [
      "da\u00F1o de habilidad hielo.png"
    ]
  },
  {
    "IdName": "SkillRankBonus_Sorc_Core_3",
    "Folder": "Affixes\\Equipment",
    "Images": [
      "cadena de relampagos.png",
      "rango.png"
    ]
  },
  {
    "IdName": "DamageReduction_Burning",
    "Folder": "Affixes\\Equipment",
    "Images": [
      "reduccion de dano2.png",
      "estado quemadura.png"
    ]
  },
  {
    "IdName": "PassiveRankBonus_Sorc_Elemental_T2_N3_ElementalDominance",
    "Folder": "Affixes\\Equipment",
    "Images": [
      "rango.png",
      "pasiva de dominio.png",
      "elemental.png"
    ]
  },
  {
    "IdName": "SkillRankBonus_Sorc_Category_Conjuration",
    "Folder": "Affixes\\Equipment",
    "Images": [
      "rango.png",
      "las habilidades.png",
      "conjuracion.png"
    ]
  },
  {
    "IdName": "Damage_Tag_Conjuration",
    "Folder": "Affixes\\Equipment",
    "Images": [
      "de dano de habilidad.png",
      "conjuracion.png"
    ]
  },
  {
    "IdName": "PassiveRankBonus_Sorc_Lightning_T2_N1_ShockingImpact",
    "Folder": "Affixes\\Equipment",
    "Images": [
      "rango.png",
      "pasiva de impacto.png",
      "electrico.png"
    ]
  },
  {
    "IdName": "SkillRankBonus_Sorc_Special_IceBlades",
    "Folder": "Affixes\\Equipment",
    "Images": [
      "rango.png",
      "cuchillas gelidas.png"
    ]
  },
  {
    "IdName": "Damage_Type_Bonus_Fire",
    "Folder": "Affixes\\Equipment",
    "Images": [
      "de dano de fuego.png"
    ]
  },
  {
    "IdName": "SkillRankBonus_Sorc_Core_6",
    "Folder": "Affixes\\Equipment",
    "Images": [
      "rango.png",
      "orbe gelido.png"
    ]
  },
  {
    "IdName": "SkillRankBonus_Sorc_Core_2",
    "Folder": "Affixes\\Equipment",
    "Images": [
      "rango.png",
      "fragmentos de hielo.png"
    ]
  },
  {
    "IdName": "Damage_Type_DoT_Bonus_Burn",
    "Folder": "Affixes\\Equipment",
    "Images": [
      "fuego.png",
      "dano con el tiempo de.png"
    ]
  },
  {
    "IdName": "SkillRankBonus_Sorc_Core_5",
    "Folder": "Affixes\\Equipment",
    "Images": [
      "rango.png",
      "incinerar.png"
    ]
  },
  {
    "IdName": "SkillRankBonus_Sorc_Core_4",
    "Folder": "Affixes\\Equipment",
    "Images": [
      "rango.png",
      "centellas.png"
    ]
  },
  {
    "IdName": "SkillRankBonus_Sorc_Special_BallLightning",
    "Folder": "Affixes\\Equipment",
    "Images": [
      "rango.png",
      "rayo globular.png"
    ]
  },
  {
    "IdName": "SkillRankBonus_Sorc_Special_Meteor",
    "Folder": "Affixes\\Equipment",
    "Images": [
      "rango.png",
      "meteoro.png"
    ]
  },
  {
    "IdName": "SkillRankBonus_Sorc_Special_FrostNova",
    "Folder": "Affixes\\Equipment",
    "Images": [
      "rango.png",
      "nova gelida.png"
    ]
  },
  {
    "IdName": "PassiveRankBonus_Sorc_Fire_T1_N2_InnerFlames",
    "Folder": "Affixes\\Equipment",
    "Images": [
      "rango.png",
      "la pasiva de llamas.png",
      "interiores.png"
    ]
  },
  {
    "IdName": "Damage_Tag_Shock",
    "Folder": "Affixes\\Equipment",
    "Images": [
      "de dano de habilidad rayo.png"
    ]
  },
  {
    "IdName": "SkillRankBonus_Sorc_Special_Firewall",
    "Folder": "Affixes\\Equipment",
    "Images": [
      "rango.png",
      "muro de fuego.png"
    ]
  },
  {
    "IdName": "SkillRankBonus_Sorc_Special_FlameShield",
    "Folder": "Affixes\\Equipment",
    "Images": [
      "rango.png",
      "escudo igneo.png"
    ]
  },
  {
    "IdName": "SkillRankBonus_Sorc_Special_IceArmor",
    "Folder": "Affixes\\Equipment",
    "Images": [
      "rango.png",
      "armadura glacial.png"
    ]
  },
  {
    "IdName": "PassiveRankBonus_Sorc_01_Hoarfrost",
    "Folder": "Affixes\\Equipment",
    "Images": [
      "rango.png",
      "pasiva de triza.png",
      "escarcha.png"
    ]
  },
  {
    "IdName": "SkillRankBonus_Generic_Category_Defensive",
    "Folder": "Affixes\\Equipment",
    "Images": [
      "rango.png",
      "todas las habilidades.png",
      "defensivo [.png"
    ]
  },
  {
    "IdName": "PassiveRankBonus_Sorc_Cold_T2_N3_IcyTouch",
    "Folder": "Affixes\\Equipment",
    "Images": [
      "rango.png",
      "pasiva de toque.png",
      "helado.png"
    ]
  },
  {
    "IdName": "SkillRankBonus_Sorc_Special_Blizzard",
    "Folder": "Affixes\\Equipment",
    "Images": [
      "rango.png",
      "ventisca.png"
    ]
  },
  {
    "IdName": "SkillRankBonus_Sorc_Core_1",
    "Folder": "Affixes\\Equipment",
    "Images": [
      "rango.png",
      "bola de fuego.png"
    ]
  },
  {
    "IdName": "Damage_to_HighLife",
    "Folder": "Affixes\\Equipment",
    "Images": [
      "dano a enemigos saludables.png"
    ]
  },
  {
    "IdName": "legendary_sorc_004",
    "Folder": "Aspects\\Equipment",
    "Images": [
      "brasas vinculantes.png"
    ]
  },
  {
    "IdName": "legendary_sorc_136",
    "Folder": "Aspects\\Equipment",
    "Images": [
      "protecciones abrasadoras.png"
    ]
  },
  {
    "IdName": "legendary_sorc_108",
    "Folder": "Aspects\\Equipment",
    "Images": [
      "velo de nieve.png"
    ]
  },
  {
    "IdName": "legendary_sorc_111",
    "Folder": "Aspects\\Equipment",
    "Images": [
      "encerrado1.png",
      "encerrado2.png"
    ]
  },
  {
    "IdName": "legendary_generic_065",
    "Folder": "Aspects\\Equipment",
    "Images": [
      "sabio concurrido1.png",
      "sabio concurrido2.png"
    ]
  },
  {
    "IdName": "legendary_sorc_104",
    "Folder": "Aspects\\Equipment",
    "Images": [
      "extremidades chamuscadas.png"
    ]
  },
  {
    "IdName": "legendary_sorc_017",
    "Folder": "Aspects\\Equipment",
    "Images": [
      "bombardeo gelido.png"
    ]
  },
  {
    "IdName": "legendary_sorc_109",
    "Folder": "Aspects\\Equipment",
    "Images": [
      "despertar gelido.png"
    ]
  },
  {
    "IdName": "legendary_sorc_110",
    "Folder": "Aspects\\Equipment",
    "Images": [
      "frio penetrante.png"
    ]
  },
  {
    "IdName": "legendary_sorc_113",
    "Folder": "Aspects\\Equipment",
    "Images": [
      "frio mordaz.png"
    ]
  },
  {
    "IdName": "legendary_sorc_127",
    "Folder": "Aspects\\Equipment",
    "Images": [
      "elementalista1.png",
      "elementalista2.png"
    ]
  },
  {
    "IdName": "Legendary_Sorc_135",
    "Folder": "Aspects\\Equipment",
    "Images": [
      "destruido.png"
    ]
  },
  {
    "IdName": "legendary_sorc_137",
    "Folder": "Aspects\\Equipment",
    "Images": [
      "conjurador de batalla.png"
    ]
  },
  {
    "IdName": "legendary_sorc_117",
    "Folder": "Aspects\\Equipment",
    "Images": [
      "corrientes abrumadoras1.png",
      "corrientes abrumadoras2.png"
    ]
  },
  {
    "IdName": "legendary_generic_104",
    "Folder": "Aspects\\Equipment",
    "Images": [
      "asimilacion.png"
    ]
  },
  {
    "IdName": "legendary_sorc_124",
    "Folder": "Aspects\\Equipment",
    "Images": [
      "estable.png"
    ]
  },
  {
    "IdName": "legendary_sorc_043",
    "Folder": "Aspects\\Equipment",
    "Images": [
      "armagedon.png"
    ]
  },
  {
    "IdName": "legendary_sorc_120",
    "Folder": "Aspects\\Equipment",
    "Images": [
      "senor mago.png"
    ]
  },
  {
    "IdName": "legendary_sorc_116",
    "Folder": "Aspects\\Equipment",
    "Images": [
      "encerrado1.png",
      "tundra congelada.png"
    ]
  },
  {
    "IdName": "legendary_sorc_035",
    "Folder": "Aspects\\Equipment",
    "Images": [
      "orbe gelido.png"
    ]
  },
  {
    "IdName": "legendary_sorc_123",
    "Folder": "Aspects\\Equipment",
    "Images": [
      "conducto de salto.png"
    ]
  },
  {
    "IdName": "legendary_sorc_121",
    "Folder": "Aspects\\Equipment",
    "Images": [
      "energia astillada.png"
    ]
  },
  {
    "IdName": "legendary_sorc_107",
    "Folder": "Aspects\\Equipment",
    "Images": [
      "glacial.png"
    ]
  },
  {
    "IdName": "legendary_sorc_039",
    "Folder": "Aspects\\Equipment",
    "Images": [
      "serpentino.png"
    ]
  },
  {
    "IdName": "legendary_sorc_012",
    "Folder": "Aspects\\Equipment",
    "Images": [
      "estatica perforadora.png"
    ]
  },
  {
    "IdName": "legendary_sorc_100",
    "Folder": "Aspects\\Equipment",
    "Images": [
      "conflagracion.png"
    ]
  },
  {
    "IdName": "Block",
    "Folder": "Affixes\\Equipment",
    "Images": [
      "reduccion del dano bloqueado.png"
    ]
  },
  {
    "IdName": "Shield_Damage_Bonus",
    "Folder": "Affixes\\Equipment",
    "Images": [
      "de dano de arma de la mano.png"
    ]
  },
  {
    "IdName": "PetThorns_NecroArmyAll",
    "Folder": "Affixes\\Equipment",
    "Images": [
      "los esbirros heredan.png"
    ]
  },
  {
    "IdName": "DamageReduction_ShadowDoT",
    "Folder": "Affixes\\Equipment",
    "Images": [
      "reduccion de dano2.png",
      "dano de sombra.png"
    ]
  },
  {
    "IdName": "PetAttackSpeed_Necro",
    "Folder": "Affixes\\Equipment",
    "Images": [
      "velocidad de ataque de.png",
      "esbirros.png"
    ]
  }
]