[
  {
    "IdName": "CD_Reduction",
    "Folder": "Affixes\\Equipment",
    "Images": [
      "cooldown reduction.png"
    ]
  },
  {
    "IdName": "legendary_generic_036",
    "Folder": "Aspects\\Equipment",
    "Images": [
      "aspect of disobedience.png"
    ]
  },
  {
    "IdName": "legendary_generic_009",
    "Folder": "Aspects\\Equipment",
    "Images": [
      "aspect of might.png"
    ]
  },
  {
    "IdName": "legendary_druid_018",
    "Folder": "Aspects\\Equipment",
    "Images": [
      "aspect of quicksand.png"
    ]
  },
  {
    "IdName": "legendary_druid_071",
    "Folder": "Aspects\\Equipment",
    "Images": [
      "aspect of retaliation.png"
    ]
  },
  {
    "IdName": "legendary_druid_063",
    "Folder": "Aspects\\Equipment",
    "Images": [
      "aspect of the aftershock.png"
    ]
  },
  {
    "IdName": "legendary_druid_104",
    "Folder": "Aspects\\Equipment",
    "Images": [
      "aspect of the rampaging werebeast.png"
    ]
  },
  {
    "IdName": "legendary_generic_021",
    "Folder": "Aspects\\Equipment",
    "Images": [
      "aspect of the umbral.png"
    ]
  },
  {
    "IdName": "legendary_druid_066",
    "Folder": "Aspects\\Equipment",
    "Images": [
      "aspect of the ursine horror.png"
    ]
  },
  {
    "IdName": "legendary_druid_074",
    "Folder": "Aspects\\Equipment",
    "Images": [
      "shockwave aspect.png"
    ]
  },
  {
    "IdName": "Damage_While_Shapeshifted",
    "Folder": "Affixes\\Equipment",
    "Images": [
      "damage while shapeshifted.png"
    ]
  },
  {
    "IdName": "OverpowerDamage",
    "Folder": "Affixes\\Equipment",
    "Images": [
      "overpower damage.png"
    ]
  },
  {
    "IdName": "Life",
    "Folder": "Affixes\\Equipment",
    "Images": [
      "maximum life.png"
    ]
  },
  {
    "IdName": "Armor",
    "Folder": "Affixes\\Equipment",
    "Images": [
      "total armor.png"
    ]
  },
  {
    "IdName": "DamageReduction",
    "Folder": "Affixes\\Equipment",
    "Images": [
      "damage reduction.png"
    ]
  },
  {
    "IdName": "DamageReductionClose",
    "Folder": "Affixes\\Equipment",
    "Images": [
      "damage reduction.png",
      "close.png"
    ]
  },
  {
    "IdName": "Luck",
    "Folder": "Affixes\\Equipment",
    "Images": [
      "lucky hit chance.png"
    ]
  },
  {
    "IdName": "CritChance",
    "Folder": "Affixes\\Equipment",
    "Images": [
      "critical strike chance.png"
    ]
  },
  {
    "IdName": "CoreStats_All",
    "Folder": "Affixes\\Equipment",
    "Images": [
      "all stats.png"
    ]
  },
  {
    "IdName": "AttackSpeed",
    "Folder": "Affixes\\Equipment",
    "Images": [
      "attack speed.png"
    ]
  },
  {
    "IdName": "AttackSpeed_Basics",
    "Folder": "Affixes\\Equipment",
    "Images": [
      "basic skill attack speed.png"
    ]
  },
  {
    "IdName": "Damage_Category_Basics",
    "Folder": "Affixes\\Equipment",
    "Images": [
      "basic skill damage.png"
    ]
  },
  {
    "IdName": "BloodOrb_Healing",
    "Folder": "Affixes\\Equipment",
    "Images": [
      "blood orb healing.png"
    ]
  },
  {
    "IdName": "Damage_Tag_Bone",
    "Folder": "Affixes\\Equipment",
    "Images": [
      "bone skill damage.png"
    ]
  },
  {
    "IdName": "Resistance_Single_Frost",
    "Folder": "Affixes\\Equipment",
    "Images": [
      "cold resistance.png"
    ]
  },
  {
    "IdName": "Damage_Tag_Companion",
    "Folder": "Affixes\\Equipment",
    "Images": [
      "companion skill damage.png"
    ]
  },
  {
    "IdName": "CC_Duration_Reduction",
    "Folder": "Affixes\\Equipment",
    "Images": [
      "control impaired duration.png"
    ]
  },
  {
    "IdName": "Damage_Category_Spenders",
    "Folder": "Affixes\\Equipment",
    "Images": [
      "core skill damage.png"
    ]
  },
  {
    "IdName": "CritDamage",
    "Folder": "Affixes\\Equipment",
    "Images": [
      "critical strike damage.png"
    ]
  },
  {
    "IdName": "CC_Duration",
    "Folder": "Affixes\\Equipment",
    "Images": [
      "crowd control duration.png"
    ]
  },
  {
    "IdName": "Damage_Tag_Melee",
    "Folder": "Affixes\\Equipment",
    "Images": [
      "cutthroat skill damage.png"
    ]
  },
  {
    "IdName": "Damage",
    "Folder": "Affixes\\Equipment",
    "Images": [
      "damage %.png"
    ]
  },
  {
    "IdName": "Damage_DoT",
    "Folder": "Affixes\\Equipment",
    "Images": [
      "damage over time.png"
    ]
  },
  {
    "IdName": "Damage_to_Bleeding",
    "Folder": "Affixes\\Equipment",
    "Images": [
      "damage to bleeding enemies.png"
    ]
  },
  {
    "IdName": "Damage_to_Burning",
    "Folder": "Affixes\\Equipment",
    "Images": [
      "damage to burning enemies.png"
    ]
  },
  {
    "IdName": "Damage_to_Chilled",
    "Folder": "Affixes\\Equipment",
    "Images": [
      "damage to chilled enemies.png"
    ]
  },
  {
    "IdName": "Damage_to_Near",
    "Folder": "Affixes\\Equipment",
    "Images": [
      "damage to close enemies.png"
    ]
  },
  {
    "IdName": "Damage_to_CCd",
    "Folder": "Affixes\\Equipment",
    "Images": [
      "damage to crowd controlled enemies.png"
    ]
  },
  {
    "IdName": "Damage_to_Dazed",
    "Folder": "Affixes\\Equipment",
    "Images": [
      "damage to dazed enemies.png"
    ]
  },
  {
    "IdName": "Damage_to_Far",
    "Folder": "Affixes\\Equipment",
    "Images": [
      "damage to distant enemies.png"
    ]
  },
  {
    "IdName": "Damage_to_Trapped",
    "Folder": "Affixes\\Equipment",
    "Images": [
      "damage to enemies affected by trap skills.png"
    ]
  },
  {
    "IdName": "Damage_to_Frozen",
    "Folder": "Affixes\\Equipment",
    "Images": [
      "damage to frozen enemies.png"
    ]
  },
  {
    "IdName": "Damage_to_LowLife",
    "Folder": "Affixes\\Equipment",
    "Images": [
      "damage to injured enemies.png"
    ]
  },
  {
    "IdName": "Damage_to_Poisoned",
    "Folder": "Affixes\\Equipment",
    "Images": [
      "damage to poisoned enemies.png"
    ]
  },
  {
    "IdName": "Damage_to_Slowed",
    "Folder": "Affixes\\Equipment",
    "Images": [
      "damage to slowed enemies.png"
    ]
  },
  {
    "IdName": "Damage_to_Stunned",
    "Folder": "Affixes\\Equipment",
    "Images": [
      "damage to stunned enemies.png"
    ]
  },
  {
    "IdName": "Damage_Weapon_DualWield",
    "Folder": "Affixes\\Equipment",
    "Images": [
      "damage with dual-wielded weapons.png"
    ]
  },
  {
    "IdName": "Damage_Tag_Darkness",
    "Folder": "Affixes\\Equipment",
    "Images": [
      "darkness skill damage.png"
    ]
  },
  {
    "IdName": "CoreStat_Dexterity",
    "Folder": "Affixes\\Equipment",
    "Images": [
      "dexterity.png"
    ]
  },
  {
    "IdName": "CoreStat_DexterityPercent",
    "Folder": "Affixes\\Equipment",
    "Images": [
      "dexterity.png"
    ]
  },
  {
    "IdName": "Dodge_Ranged",
    "Folder": "Affixes\\Equipment",
    "Images": [
      "dodge chance against distant enemies.png"
    ]
  },
  {
    "IdName": "Dodge",
    "Folder": "Affixes\\Equipment",
    "Images": [
      "dodge chance.png"
    ]
  },
  {
    "IdName": "Damage_Tag_Earth",
    "Folder": "Affixes\\Equipment",
    "Images": [
      "earth skill damage.png"
    ]
  },
  {
    "IdName": "Resource_Cost_Reduction_Rogue",
    "Folder": "Affixes\\Equipment",
    "Images": [
      "energy cost reduction.png"
    ]
  },
  {
    "IdName": "Resource_Cost_Reduction_Necromancer",
    "Folder": "Affixes\\Equipment",
    "Images": [
      "essence cost reduction.png"
    ]
  },
  {
    "IdName": "Damage_Type_DoT_Bonus_Burn",
    "Folder": "Affixes\\Equipment",
    "Images": [
      "fire damage over time.png"
    ]
  },
  {
    "IdName": "Damage_Type_Bonus_Fire",
    "Folder": "Affixes\\Equipment",
    "Images": [
      "fire damage.png"
    ]
  },
  {
    "IdName": "Resistance_Single_Fire",
    "Folder": "Affixes\\Equipment",
    "Images": [
      "fire resistance.png"
    ]
  },
  {
    "IdName": "FortifyBonus",
    "Folder": "Affixes\\Equipment",
    "Images": [
      "fortify generation.png"
    ]
  },
  {
    "IdName": "Damage_Tag_Frost",
    "Folder": "Affixes\\Equipment",
    "Images": [
      "frost skill damage.png"
    ]
  },
  {
    "IdName": "Resource_Cost_Reduction_Barbarian",
    "Folder": "Affixes\\Equipment",
    "Images": [
      "fury cost reduction.png"
    ]
  },
  {
    "IdName": "HealingPercent",
    "Folder": "Affixes\\Equipment",
    "Images": [
      "healing received.png"
    ]
  },
  {
    "IdName": "Damage_With_Imbued",
    "Folder": "Affixes\\Equipment",
    "Images": [
      "imbued skill damage.png"
    ]
  },
  {
    "IdName": "CDR_Imbues",
    "Folder": "Affixes\\Equipment",
    "Images": [
      "imbuement skill cooldown.png"
    ]
  },
  {
    "IdName": "Damage_Tag_Imbuements",
    "Folder": "Affixes\\Equipment",
    "Images": [
      "imbuement skill damage.png"
    ]
  },
  {
    "IdName": "CoreStat_Intelligence",
    "Folder": "Affixes\\Equipment",
    "Images": [
      "intelligence.png"
    ]
  },
  {
    "IdName": "CoreStat_IntelligencePercent",
    "Folder": "Affixes\\Equipment",
    "Images": [
      "intelligence %.png"
    ]
  },
  {
    "IdName": "Life_On_Kill",
    "Folder": "Affixes\\Equipment",
    "Images": [
      "life on kill.png"
    ]
  },
  {
    "IdName": "LifeRegen",
    "Folder": "Affixes\\Equipment",
    "Images": [
      "life regeneration while not damaged recently.png"
    ]
  },
  {
    "IdName": "Damage_Type_Bonus_Lightning",
    "Folder": "Affixes\\Equipment",
    "Images": [
      "lightning damage.png"
    ]
  },
  {
    "IdName": "Resource_Cost_Reduction_Sorcerer",
    "Folder": "Affixes\\Equipment",
    "Images": [
      "mana cost reduction.png"
    ]
  },
  {
    "IdName": "Damage_Tag_Ranged",
    "Folder": "Affixes\\Equipment",
    "Images": [
      "marksman skill damage.png"
    ]
  },
  {
    "IdName": "Resource_MaxEnergy",
    "Folder": "Affixes\\Equipment",
    "Images": [
      "maximum energy.png"
    ]
  },
  {
    "IdName": "Resource_MaxEssence",
    "Folder": "Affixes\\Equipment",
    "Images": [
      "maximum essence.png"
    ]
  },
  {
    "IdName": "Resource_MaxFury",
    "Folder": "Affixes\\Equipment",
    "Images": [
      "maximum fury.png"
    ]
  },
  {
    "IdName": "Resource_MaxMana",
    "Folder": "Affixes\\Equipment",
    "Images": [
      "maximum mana.png"
    ]
  },
  {
    "IdName": "Resource_MaxSpirit",
    "Folder": "Affixes\\Equipment",
    "Images": [
      "maximum spirit.png"
    ]
  },
  {
    "IdName": "Movement_Speed",
    "Folder": "Affixes\\Equipment",
    "Images": [
      "movement speed.png"
    ]
  },
  {
    "IdName": "Damage_Type_Bonus_Physical",
    "Folder": "Affixes\\Equipment",
    "Images": [
      "physical damage.png"
    ]
  },
  {
    "IdName": "PotionDropBonus",
    "Folder": "Affixes\\Equipment",
    "Images": [
      "potion drop rate.png"
    ]
  },
  {
    "IdName": "Damage_Tag_Pyromancy",
    "Folder": "Affixes\\Equipment",
    "Images": [
      "pyromancy skill damage.png"
    ]
  },
  {
    "IdName": "SkillRankBonus_Sorc_Category_Conjuration",
    "Folder": "Affixes\\Equipment",
    "Images": [
      "ranks of all conjuration skills.png"
    ]
  },
  {
    "IdName": "SkillRankBonus_Generic_Category_Core",
    "Folder": "Affixes\\Equipment",
    "Images": [
      "ranks of all core skills.png"
    ]
  },
  {
    "IdName": "SkillRankBonus_Necro_Category_Corpse",
    "Folder": "Affixes\\Equipment",
    "Images": [
      "ranks of all corpse skills.png"
    ]
  },
  {
    "IdName": "SkillRankBonus_Generic_Category_Defensive",
    "Folder": "Affixes\\Equipment",
    "Images": [
      "ranks of all defensive skills.png"
    ]
  },
  {
    "IdName": "SkillRankBonus_Rogue_Category_Imbuements",
    "Folder": "Affixes\\Equipment",
    "Images": [
      "ranks of all imbuement skills.png"
    ]
  },
  {
    "IdName": "SkillRankBonus_Sorc_Category_Mastery",
    "Folder": "Affixes\\Equipment",
    "Images": [
      "ranks of all mastery skills.png"
    ]
  },
  {
    "IdName": "SkillRankBonus_Sorc_Special_BallLightning",
    "Folder": "Affixes\\Equipment",
    "Images": [
      "ranks of ball lightning.png"
    ]
  },
  {
    "IdName": "SkillRankBonus_Rogue_Core_3",
    "Folder": "Affixes\\Equipment",
    "Images": [
      "ranks of barrage.png"
    ]
  },
  {
    "IdName": "SkillRankBonus_Sorc_Special_Blizzard",
    "Folder": "Affixes\\Equipment",
    "Images": [
      "ranks of blizzard.png"
    ]
  },
  {
    "IdName": "SkillRankBonus_Necro_Core_1",
    "Folder": "Affixes\\Equipment",
    "Images": [
      "ranks of bone spear.png"
    ]
  },
  {
    "IdName": "SkillRankBonus_Necro_Special_BoneSpirit",
    "Folder": "Affixes\\Equipment",
    "Images": [
      "ranks of bone spirit.png"
    ]
  },
  {
    "IdName": "SkillRankBonus_Sorc_Core_3",
    "Folder": "Affixes\\Equipment",
    "Images": [
      "ranks of chain lightning.png"
    ]
  },
  {
    "IdName": "SkillRankBonus_Barb_Special_ChallengingShout",
    "Folder": "Affixes\\Equipment",
    "Images": [
      "ranks of challenging shout.png"
    ]
  },
  {
    "IdName": "SkillRankBonus_Rogue_Special_Concealment",
    "Folder": "Affixes\\Equipment",
    "Images": [
      "ranks of concealment.png"
    ]
  },
  {
    "IdName": "SkillRankBonus_Necro_Special_CorpseTendrils",
    "Folder": "Affixes\\Equipment",
    "Images": [
      "ranks of corpse tendrils.png"
    ]
  },
  {
    "IdName": "SkillRankBonus_Rogue_Special_DarkShroud",
    "Folder": "Affixes\\Equipment",
    "Images": [
      "ranks of dark shroud.png"
    ]
  },
  {
    "IdName": "SkillRankBonus_Rogue_Special_Dash",
    "Folder": "Affixes\\Equipment",
    "Images": [
      "ranks of dash.png"
    ]
  },
  {
    "IdName": "SkillRankBonus_Sorc_Special_FlameShield",
    "Folder": "Affixes\\Equipment",
    "Images": [
      "ranks of flame shield.png"
    ]
  },
  {
    "IdName": "SkillRankBonus_Rogue_Core_2",
    "Folder": "Affixes\\Equipment",
    "Images": [
      "ranks of flurry.png"
    ]
  },
  {
    "IdName": "SkillRankBonus_Sorc_Special_FrostNova",
    "Folder": "Affixes\\Equipment",
    "Images": [
      "ranks of frost nova.png"
    ]
  },
  {
    "IdName": "SkillRankBonus_Barb_Core_1_Slot01",
    "Folder": "Affixes\\Equipment",
    "Images": [
      "ranks of hammer of the ancients.png"
    ]
  },
  {
    "IdName": "SkillRankBonus_Sorc_Special_IceArmor",
    "Folder": "Affixes\\Equipment",
    "Images": [
      "ranks of ice armor.png"
    ]
  },
  {
    "IdName": "SkillRankBonus_Sorc_Core_2",
    "Folder": "Affixes\\Equipment",
    "Images": [
      "ranks of ice shards.png"
    ]
  },
  {
    "IdName": "SkillRankBonus_Druid_Core_1",
    "Folder": "Affixes\\Equipment",
    "Images": [
      "ranks of landslide.png"
    ]
  },
  {
    "IdName": "SkillRankBonus_Rogue_Core_5",
    "Folder": "Affixes\\Equipment",
    "Images": [
      "ranks of penetrating shot.png"
    ]
  },
  {
    "IdName": "SkillRankBonus_Rogue_Special2_PoisonImbue",
    "Folder": "Affixes\\Equipment",
    "Images": [
      "ranks of poison imbuement.png"
    ]
  },
  {
    "IdName": "SkillRankBonus_Rogue_Special_PoisonTrap",
    "Folder": "Affixes\\Equipment",
    "Images": [
      "ranks of poison trap.png"
    ]
  },
  {
    "IdName": "SkillRankBonus_Druid_Core_2",
    "Folder": "Affixes\\Equipment",
    "Images": [
      "ranks of pulverize.png"
    ]
  },
  {
    "IdName": "SkillRankBonus_Barb_Special_RallyingCry",
    "Folder": "Affixes\\Equipment",
    "Images": [
      "ranks of rallying cry.png"
    ]
  },
  {
    "IdName": "SkillRankBonus_Barb_Core_2_Slot01",
    "Folder": "Affixes\\Equipment",
    "Images": [
      "ranks of rend.png"
    ]
  },
  {
    "IdName": "SkillRankBonus_Rogue_Special_ShadowImbue",
    "Folder": "Affixes\\Equipment",
    "Images": [
      "ranks of shadow imbuement.png"
    ]
  },
  {
    "IdName": "SkillRankBonus_Rogue_Special_ShadowStep",
    "Folder": "Affixes\\Equipment",
    "Images": [
      "ranks of shadow step.png"
    ]
  },
  {
    "IdName": "SkillRankBonus_Sorc_Special_Teleport",
    "Folder": "Affixes\\Equipment",
    "Images": [
      "ranks of teleport.png"
    ]
  },
  {
    "IdName": "PassiveRankBonus_Druid_NatureMagic_T2_N2_CrushingEarth",
    "Folder": "Affixes\\Equipment",
    "Images": [
      "ranks of the crushing earth.png"
    ]
  },
  {
    "IdName": "PassiveRankBonus_Druid_15_Envenom",
    "Folder": "Affixes\\Equipment",
    "Images": [
      "ranks of the envenom passive.png"
    ]
  },
  {
    "IdName": "PassiveRankBonus_Rogue_Cunning_T3_N1_Exploit",
    "Folder": "Affixes\\Equipment",
    "Images": [
      "ranks of the exploit passive.png"
    ]
  },
  {
    "IdName": "PassiveRankBonus_Rogue_Cunning_T4_N2_Malice",
    "Folder": "Affixes\\Equipment",
    "Images": [
      "ranks of the malice passives.png"
    ]
  },
  {
    "IdName": "PassiveRankBonus_Rogue_Discipline_T2_N1_WeaponMastery",
    "Folder": "Affixes\\Equipment",
    "Images": [
      "ranks of the weapon mastery.png"
    ]
  },
  {
    "IdName": "SkillRankBonus_Barb_Core_4_Slot01",
    "Folder": "Affixes\\Equipment",
    "Images": [
      "ranks of upheaval.png"
    ]
  },
  {
    "IdName": "PassiveRankBonus_Barb_10_Wallop",
    "Folder": "Affixes\\Equipment",
    "Images": [
      "ranks of wallop passive.png"
    ]
  },
  {
    "IdName": "SkillRankBonus_Barb_Core_5_Slot01",
    "Folder": "Affixes\\Equipment",
    "Images": [
      "ranks of whirlwind.png"
    ]
  },
  {
    "IdName": "Trap_Arm_Time",
    "Folder": "Affixes\\Equipment",
    "Images": [
      "reduces the arm time of your trap skills.png"
    ]
  },
  {
    "IdName": "Resistance_All",
    "Folder": "Affixes\\Equipment",
    "Images": [
      "resistance to all elements.png"
    ]
  },
  {
    "IdName": "ResourceGain",
    "Folder": "Affixes\\Equipment",
    "Images": [
      "resource generation.png"
    ]
  },
  {
    "IdName": "Damage_ShadowClone",
    "Folder": "Affixes\\Equipment",
    "Images": [
      "shadow clone damage.png"
    ]
  },
  {
    "IdName": "Damage_Type_Bonus_Shadow",
    "Folder": "Affixes\\Equipment",
    "Images": [
      "shadow damage.png"
    ]
  },
  {
    "IdName": "Resistance_Single_Shadow",
    "Folder": "Affixes\\Equipment",
    "Images": [
      "shadow resistance.png"
    ]
  },
  {
    "IdName": "Damage_Tag_Shock",
    "Folder": "Affixes\\Equipment",
    "Images": [
      "shock skill damage.png"
    ]
  },
  {
    "IdName": "ShrineDuration",
    "Folder": "Affixes\\Equipment",
    "Images": [
      "shrine buff duration.png"
    ]
  },
  {
    "IdName": "CC_Duration_Reduction_Slow",
    "Folder": "Affixes\\Equipment",
    "Images": [
      "slow duration reduction.png"
    ]
  },
  {
    "IdName": "Resource_Cost_Reduction_Druid",
    "Folder": "Affixes\\Equipment",
    "Images": [
      "spirit cost reduction.png"
    ]
  },
  {
    "IdName": "CoreStat_Strength",
    "Folder": "Affixes\\Equipment",
    "Images": [
      "strength.png"
    ]
  },
  {
    "IdName": "Thorns",
    "Folder": "Affixes\\Equipment",
    "Images": [
      "thorns.png"
    ]
  },
  {
    "IdName": "Werebear_Armor",
    "Folder": "Affixes\\Equipment",
    "Images": [
      "total armor while in werebear form.png"
    ]
  },
  {
    "IdName": "CDR_Traps",
    "Folder": "Affixes\\Equipment",
    "Images": [
      "trap skill cooldown reduction.png"
    ]
  },
  {
    "IdName": "Damage_Tag_Trap",
    "Folder": "Affixes\\Equipment",
    "Images": [
      "trap skill damage.png"
    ]
  },
  {
    "IdName": "Damage_Category_Ultimate",
    "Folder": "Affixes\\Equipment",
    "Images": [
      "ultimate skill damage.png"
    ]
  },
  {
    "IdName": "Damage_to_Vulnerable",
    "Folder": "Affixes\\Equipment",
    "Images": [
      "vulnerable damage.png"
    ]
  },
  {
    "IdName": "Damage_Tag_Werebear",
    "Folder": "Affixes\\Equipment",
    "Images": [
      "werebear skill damage.png"
    ]
  },
  {
    "IdName": "CoreStat_Willpower",
    "Folder": "Affixes\\Equipment",
    "Images": [
      "willpower.png"
    ]
  },
  {
    "IdName": "DamageReduction_Poisoned",
    "Folder": "Affixes\\Equipment",
    "Images": [
      "damage reduction.png",
      "poisoned.png"
    ]
  },
  {
    "IdName": "Resistance_Single_Lightning",
    "Folder": "Affixes\\Equipment",
    "Images": [
      "lightning resistance.png"
    ]
  },
  {
    "IdName": "Evade_Attack_Reset",
    "Folder": "Affixes\\Equipment",
    "Images": [
      "attacks reduce evade\u0027s cooldown.png"
    ]
  },
  {
    "IdName": "CritDamage_With_Earth",
    "Folder": "Affixes\\Equipment",
    "Images": [
      "critical strike damage.png",
      "earth skills.png"
    ]
  },
  {
    "IdName": "OverpowerDamage_With_Bear",
    "Folder": "Affixes\\Equipment",
    "Images": [
      "overpower damage.png",
      "werebear skills.png"
    ]
  },
  {
    "IdName": "Resistance_Single_Poison",
    "Folder": "Affixes\\Equipment",
    "Images": [
      "poison resistance.png"
    ]
  },
  {
    "IdName": "CritChance_To_LowLife",
    "Folder": "Affixes\\Equipment",
    "Images": [
      "critical strike chance.png",
      "injured enemies.png"
    ]
  },
  {
    "IdName": "SkillRankBonus_Druid_Category_Companion",
    "Folder": "Affixes\\Equipment",
    "Images": [
      "ranks of all companion skills.png"
    ]
  },
  {
    "IdName": "PassiveRankBonus_Druid_10_WildImpulses",
    "Folder": "Affixes\\Equipment",
    "Images": [
      "ranks of the wild impulses passive.png"
    ]
  },
  {
    "IdName": "CritDamage_With_Lightning",
    "Folder": "Affixes\\Equipment",
    "Images": [
      "lightning critical strike damage.png"
    ]
  },
  {
    "IdName": "Damage_Type_Bonus_Poison",
    "Folder": "Affixes\\Equipment",
    "Images": [
      "poison damage.png"
    ]
  },
  {
    "IdName": "CritDamage_With_Wolf",
    "Folder": "Affixes\\Equipment",
    "Images": [
      "critical strike damage.png",
      "werewolf skills.png"
    ]
  },
  {
    "IdName": "Lucky_Hit_Resource",
    "Folder": "Affixes\\Equipment",
    "Images": [
      "lucky hit.png",
      "primary resource.png"
    ]
  },
  {
    "IdName": "Damage_Tag_Storm",
    "Folder": "Affixes\\Equipment",
    "Images": [
      "storm skill damage.png"
    ]
  },
  {
    "IdName": "Damage_While_Human",
    "Folder": "Affixes\\Equipment",
    "Images": [
      "damage while in human form.png"
    ]
  },
  {
    "IdName": "SkillRankBonus_Druid_Special_CycloneArmor",
    "Folder": "Affixes\\Equipment",
    "Images": [
      "ranks of cyclone armor.png"
    ]
  },
  {
    "IdName": "FortifyDamageReduction",
    "Folder": "Affixes\\Equipment",
    "Images": [
      "damage reduction.png",
      "fortified.png"
    ]
  },
  {
    "IdName": "Lucky_Hit_Slow",
    "Folder": "Affixes\\Equipment",
    "Images": [
      "lucky hit.png",
      "slow.png"
    ]
  },
  {
    "IdName": "DamageReductionDistant",
    "Folder": "Affixes\\Equipment",
    "Images": [
      "damage reduction.png",
      "distant enemies.png"
    ]
  },
  {
    "IdName": "PotionCharges",
    "Folder": "Affixes\\Equipment",
    "Images": [
      "potion capacity.png"
    ]
  },
  {
    "IdName": "SkillRankBonus_Druid_Special_Boulder",
    "Folder": "Affixes\\Equipment",
    "Images": [
      "ranks of boulder.png"
    ]
  },
  {
    "IdName": "Execute",
    "Folder": "Affixes\\Equipment",
    "Images": [
      "lucky hit.png",
      "injured non-elites.png"
    ]
  },
  {
    "IdName": "SkillRankBonus_Druid_Special_Ravens",
    "Folder": "Affixes\\Equipment",
    "Images": [
      "ranks of ravens.png"
    ]
  },
  {
    "IdName": "SkillRankBonus_Druid_Core_4",
    "Folder": "Affixes\\Equipment",
    "Images": [
      "ranks of lightning storm.png"
    ]
  },
  {
    "IdName": "Resource_Reduction_Storm",
    "Folder": "Affixes\\Equipment",
    "Images": [
      "storm skill cooldown reduction.png"
    ]
  },
  {
    "IdName": "PassiveRankBonus_Druid_NatureMagic_T4_N2_Defiance",
    "Folder": "Affixes\\Equipment",
    "Images": [
      "ranks of the defiance passive.png"
    ]
  },
  {
    "IdName": "PassiveRankBonus_Druid_06_NaturesReach",
    "Folder": "Affixes\\Equipment",
    "Images": [
      "ranks of the nature\u0027s reach passive.png"
    ]
  },
  {
    "IdName": "SkillRankBonus_Druid_Special_BloodHowl",
    "Folder": "Affixes\\Equipment",
    "Images": [
      "ranks of blood howl.png"
    ]
  },
  {
    "IdName": "SkillRankBonus_Druid_Special_VineCreeper",
    "Folder": "Affixes\\Equipment",
    "Images": [
      "ranks of poison creeper.png"
    ]
  },
  {
    "IdName": "SkillRankBonus_Druid_Special_Hurricane",
    "Folder": "Affixes\\Equipment",
    "Images": [
      "ranks of hurricane.png"
    ]
  },
  {
    "IdName": "SkillRankBonus_Druid_Core_3",
    "Folder": "Affixes\\Equipment",
    "Images": [
      "ranks of tornado.png"
    ]
  },
  {
    "IdName": "Barrier_Strength_Percent",
    "Folder": "Affixes\\Equipment",
    "Images": [
      "barrier generation.png"
    ]
  },
  {
    "IdName": "Werewolf_Armor",
    "Folder": "Affixes\\Equipment",
    "Images": [
      "total armor.png",
      "werewolf form.png"
    ]
  },
  {
    "IdName": "SkillRankBonus_Druid_Special_DebilitatingRoar",
    "Folder": "Affixes\\Equipment",
    "Images": [
      "ranks of debilitating roar.png"
    ]
  },
  {
    "IdName": "SkillRankBonus_Druid_Special_EarthenBulwark",
    "Folder": "Affixes\\Equipment",
    "Images": [
      "ranks of earthen bulwark.png"
    ]
  }
]