[
  {
    "IdName": "CD_Reduction",
    "Folder": "Affixes\\Equipment",
    "Images": [
      "cooldown reduction.png"
    ]
  },
  {
    "IdName": "legendary_generic_036",
    "Folder": "Aspects\\Equipment",
    "Images": [
      "aspect of disobedience.png"
    ]
  },
  {
    "IdName": "legendary_generic_009",
    "Folder": "Aspects\\Equipment",
    "Images": [
      "aspect of might.png"
    ]
  },
  {
    "IdName": "legendary_druid_018",
    "Folder": "Aspects\\Equipment",
    "Images": [
      "aspect of quicksand.png"
    ]
  },
  {
    "IdName": "legendary_druid_071",
    "Folder": "Aspects\\Equipment",
    "Images": [
      "aspect of retaliation.png"
    ]
  },
  {
    "IdName": "legendary_druid_063",
    "Folder": "Aspects\\Equipment",
    "Images": [
      "aspect of the aftershock.png"
    ]
  },
  {
    "IdName": "legendary_druid_104",
    "Folder": "Aspects\\Equipment",
    "Images": [
      "aspect of the rampaging werebeast.png"
    ]
  },
  {
    "IdName": "legendary_generic_021",
    "Folder": "Aspects\\Equipment",
    "Images": [
      "aspect of the umbral.png"
    ]
  },
  {
    "IdName": "legendary_druid_066",
    "Folder": "Aspects\\Equipment",
    "Images": [
      "aspect of the ursine horror.png"
    ]
  },
  {
    "IdName": "legendary_druid_074",
    "Folder": "Aspects\\Equipment",
    "Images": [
      "shockwave aspect.png"
    ]
  },
  {
    "IdName": "Damage_While_Shapeshifted",
    "Folder": "Affixes\\Equipment",
    "Images": [
      "damage while shapeshifted.png"
    ]
  },
  {
    "IdName": "OverpowerDamage",
    "Folder": "Affixes\\Equipment",
    "Images": [
      "overpower damage.png"
    ]
  },
  {
    "IdName": "Life",
    "Folder": "Affixes\\Equipment",
    "Images": [
      "maximum life.png"
    ]
  },
  {
    "IdName": "Armor",
    "Folder": "Affixes\\Equipment",
    "Images": [
      "total armor.png"
    ]
  },
  {
    "IdName": "DamageReduction",
    "Folder": "Affixes\\Equipment",
    "Images": [
      "damage reduction.png"
    ]
  }
]