[
  {
    "IdName": "CoreStats_All",
    "Folder": "Affixes\\Equipment",
    "Images": [
      "all stats - generic.png"
    ]
  },
  {
    "IdName": "DamageReduction",
    "Folder": "Affixes\\Equipment",
    "Images": [
      "damage reduction - generic.png"
    ]
  },
  {
    "IdName": "DamageReductionClose",
    "Folder": "Affixes\\Equipment",
    "Images": [
      "damage reduction from close - generic.png"
    ]
  },
  {
    "IdName": "DamageReductionDistant",
    "Folder": "Affixes\\Equipment",
    "Images": [
      "damage reduction from distant - generic.png"
    ]
  },
  {
    "IdName": "DamageReductionInjured",
    "Folder": "Affixes\\Equipment",
    "Images": [
      "damage reduction while injured - generic.png"
    ]
  },
  {
    "IdName": "Life_On_Kill",
    "Folder": "Affixes\\Equipment",
    "Images": [
      "life on kill - generic.png"
    ]
  },
  {
    "IdName": "CoreStat_Dexterity",
    "Folder": "Affixes\\Equipment",
    "Images": [
      "dexterity - generic.png"
    ]
  },
  {
    "IdName": "CD_Reduction",
    "Folder": "Affixes\\Equipment",
    "Images": [
      "cooldown reduction - generic.png"
    ]
  },
  {
    "IdName": "CoreStat_Intelligence",
    "Folder": "Affixes\\Equipment",
    "Images": [
      "intelligence - generic.png"
    ]
  },
  {
    "IdName": "Armor",
    "Folder": "Affixes\\Equipment",
    "Images": [
      "total armor - generic.png"
    ]
  },
  {
    "IdName": "Damage_to_Vulnerable",
    "Folder": "Affixes\\Equipment",
    "Images": [
      "vulnerable damage - generic.png"
    ]
  },
  {
    "IdName": "Resource_Cost_Reduction_Rogue",
    "Folder": "Affixes\\Equipment",
    "Images": [
      "energy cost reduction - rogue.png"
    ]
  },
  {
    "IdName": "SkillRankBonus_Rogue_Special_ShadowImbue",
    "Folder": "Affixes\\Equipment",
    "Images": [
      "ranks of shadow imbuement - rogue.png"
    ]
  },
  {
    "IdName": "Luck",
    "Folder": "Affixes\\Equipment",
    "Images": [
      "lucky hit chance - generic.png"
    ]
  },
  {
    "IdName": "AttackSpeed",
    "Folder": "Affixes\\Equipment",
    "Images": [
      "attack speed - generic.png"
    ]
  },
  {
    "IdName": "Damage_Category_Spenders",
    "Folder": "Affixes\\Equipment",
    "Images": [
      "core skill damage - generic.png"
    ]
  },
  {
    "IdName": "CritChance",
    "Folder": "Affixes\\Equipment",
    "Images": [
      "critical strike chance - generic.png"
    ]
  },
  {
    "IdName": "CritDamage",
    "Folder": "Affixes\\Equipment",
    "Images": [
      "critical strike damage - generic.png"
    ]
  },
  {
    "IdName": "Damage_to_Near",
    "Folder": "Affixes\\Equipment",
    "Images": [
      "damage to close enemies - generic.png"
    ]
  },
  {
    "IdName": "CoreStat_Strength",
    "Folder": "Affixes\\Equipment",
    "Images": [
      "strength - generic.png"
    ]
  },
  {
    "IdName": "Movement_Speed",
    "Folder": "Affixes\\Equipment",
    "Images": [
      "movement speed - generic.png"
    ]
  },
  {
    "IdName": "Resistance_All",
    "Folder": "Affixes\\Equipment",
    "Images": [
      "resistance to all elements - generic.png"
    ]
  },
  {
    "IdName": "Resistance_Single_Frost",
    "Folder": "Affixes\\Equipment",
    "Images": [
      "cold resistance - generic.png"
    ]
  },
  {
    "IdName": "Resistance_Single_Poison",
    "Folder": "Affixes\\Equipment",
    "Images": [
      "poison resistance - generic.png"
    ]
  },
  {
    "IdName": "CC_Duration_Reduction_Slow",
    "Folder": "Affixes\\Equipment",
    "Images": [
      "slow duration reduction - generic.png"
    ]
  },
  {
    "IdName": "Dodge",
    "Folder": "Affixes\\Equipment",
    "Images": [
      "dodge chance - generic.png"
    ]
  },
  {
    "IdName": "Resistance_Single_Fire",
    "Folder": "Affixes\\Equipment",
    "Images": [
      "fire resistance - generic.png"
    ]
  },
  {
    "IdName": "Resistance_Single_Lightning",
    "Folder": "Affixes\\Equipment",
    "Images": [
      "lightning resistance - generic.png"
    ]
  },
  {
    "IdName": "Barrier_Strength_Percent",
    "Folder": "Affixes\\Equipment",
    "Images": [
      "barrier generation - generic.png"
    ]
  },
  {
    "IdName": "Resistance_Single_Shadow",
    "Folder": "Affixes\\Equipment",
    "Images": [
      "shadow resistance - generic.png"
    ]
  },
  {
    "IdName": "Damage_Category_Ultimate",
    "Folder": "Affixes\\Equipment",
    "Images": [
      "ultimate skill damage - generic.png"
    ]
  },
  {
    "IdName": "PassiveRankBonus_Rogue_Discipline_T2_N1_WeaponMastery",
    "Folder": "Affixes\\Equipment",
    "Images": [
      "ranks of the weapon mastery - rogue.png"
    ]
  },
  {
    "IdName": "ResourceGain",
    "Folder": "Affixes\\Equipment",
    "Images": [
      "resource generation - generic.png"
    ]
  },
  {
    "IdName": "CoreStat_Willpower",
    "Folder": "Affixes\\Equipment",
    "Images": [
      "willpower - generic.png"
    ]
  },
  {
    "IdName": "LifeRegen",
    "Folder": "Affixes\\Equipment",
    "Images": [
      "life regeneration if not damaged recently_1 - generic.png",
      "life regeneration if not damaged recently_2 - generic.png"
    ]
  },
  {
    "IdName": "Damage_to_CCd",
    "Folder": "Affixes\\Equipment",
    "Images": [
      "damage to crowd controlled enimes_1 - generic.png",
      "damage to crowd controlled enimes_2 - generic.png"
    ]
  },
  {
    "IdName": "SkillRankBonus_Rogue_Core_4",
    "Folder": "Affixes\\Equipment",
    "Images": [
      "ranks of twisting blades - rogue.png"
    ]
  },
  {
    "IdName": "Damage_Category_Basics",
    "Folder": "Affixes\\Equipment",
    "Images": [
      "basic skill damage - generic.png"
    ]
  },
  {
    "IdName": "CC_Duration_Reduction",
    "Folder": "Affixes\\Equipment",
    "Images": [
      "control impairmed duration - generic.png"
    ]
  },
  {
    "IdName": "Evade_Charges",
    "Folder": "Affixes\\Equipment",
    "Images": [
      "maxium evade charges - generic.png"
    ]
  },
  {
    "IdName": "Life",
    "Folder": "Affixes\\Equipment",
    "Images": [
      "maximum life - generic.png"
    ]
  },
  {
    "IdName": "PotionCharges",
    "Folder": "Affixes\\Equipment",
    "Images": [
      "potion capacity- generic.png"
    ]
  },
  {
    "IdName": "Damage_to_Stunned",
    "Folder": "Affixes\\Equipment",
    "Images": [
      "damage to stunned enemies - generic.png"
    ]
  },
  {
    "IdName": "Thorns",
    "Folder": "Affixes\\Equipment",
    "Images": [
      "thorns - generic.png"
    ]
  },
  {
    "IdName": "CritChance_To_LowLife",
    "Folder": "Affixes\\Equipment",
    "Images": [
      "critical strike chance against injured enemies_1 - generic.png",
      "injured enemies - generic.png"
    ]
  },
  {
    "IdName": "Lucky_Hit_Resource",
    "Folder": "Affixes\\Equipment",
    "Images": [
      "chance to restore primary resource_1 - generic.png",
      "chance to restore primary resource_2 - generic.png"
    ]
  },
  {
    "IdName": "CC_Duration",
    "Folder": "Affixes\\Equipment",
    "Images": [
      "crowd control duration - generic.png"
    ]
  },
  {
    "IdName": "Damage_DoT",
    "Folder": "Affixes\\Equipment",
    "Images": [
      "damage over time - generic.png"
    ]
  },
  {
    "IdName": "OverpowerDamage",
    "Folder": "Affixes\\Equipment",
    "Images": [
      "overpower damage - generic.png"
    ]
  },
  {
    "IdName": "CritDamage_With_Lightning",
    "Folder": "Affixes\\Equipment",
    "Images": [
      "lightning critical strike damage_1 - sorcerer.png",
      "damage - generic.png"
    ]
  },
  {
    "IdName": "Damage_to_Frozen",
    "Folder": "Affixes\\Equipment",
    "Images": [
      "damage to frozen enemies - sorcerer.png"
    ]
  },
  {
    "IdName": "PotionDropBonus",
    "Folder": "Affixes\\Equipment",
    "Images": [
      "potion drop rate - generic.png"
    ]
  },
  {
    "IdName": "PotionGrantsMoveSpeed",
    "Folder": "Affixes\\Equipment",
    "Images": [
      "while injured your potion also grants movement speed - generic.png"
    ]
  },
  {
    "IdName": "PotionGrantsResource",
    "Folder": "Affixes\\Equipment",
    "Images": [
      "while injured your potion also restores resource - generic.png"
    ]
  },
  {
    "IdName": "PotionBarrier",
    "Folder": "Affixes\\Equipment",
    "Images": [
      "while injured your potion also grants maximum life as barrier - generic.png"
    ]
  },
  {
    "IdName": "Damage_to_LowLife",
    "Folder": "Affixes\\Equipment",
    "Images": [
      "damage to injured enemies - generic.png"
    ]
  },
  {
    "IdName": "Damage_to_Slowed",
    "Folder": "Affixes\\Equipment",
    "Images": [
      "damage to slowed enemies - generic.png"
    ]
  },
  {
    "IdName": "Damage_to_Dazed",
    "Folder": "Affixes\\Equipment",
    "Images": [
      "damage to dazed enemies - rogue.png"
    ]
  },
  {
    "IdName": "Dodge_Ranged",
    "Folder": "Affixes\\Equipment",
    "Images": [
      "dodge chance against distant enemies_1 - rogue.png",
      "enemies - generic.png"
    ]
  },
  {
    "IdName": "Resource_Cost_Reduction_Sorcerer",
    "Folder": "Affixes\\Equipment",
    "Images": [
      "mana cost reduction - sorcerer.png"
    ]
  },
  {
    "IdName": "Damage_Category_SorcMastery",
    "Folder": "Affixes\\Equipment",
    "Images": [
      "master skill damage - sorcerer.png"
    ]
  },
  {
    "IdName": "SkillRankBonus_Sorc_Category_Mastery",
    "Folder": "Affixes\\Equipment",
    "Images": [
      "ranks of all mastery skills - sorcerer.png"
    ]
  },
  {
    "IdName": "Resource_MaxMana",
    "Folder": "Affixes\\Equipment",
    "Images": [
      "maximum mana - sorcerer.png"
    ]
  },
  {
    "IdName": "AttackSpeed_Basics",
    "Folder": "Affixes\\Equipment",
    "Images": [
      "basic skill attack speed - generic.png"
    ]
  }
]