[
  {
    "IdName": "CoreStats_All",
    "Folder": "Affixes\\Equipment",
    "Images": [
      "all stats - generic.png"
    ]
  },
  {
    "IdName": "DamageReduction",
    "Folder": "Affixes\\Equipment",
    "Images": [
      "damage reduction - generic.png"
    ]
  },
  {
    "IdName": "Life_On_Kill",
    "Folder": "Affixes\\Equipment",
    "Images": [
      "life on kill - generic.png"
    ]
  },
  {
    "IdName": "CoreStat_Dexterity",
    "Folder": "Affixes\\Equipment",
    "Images": [
      "dexterity - generic.png"
    ]
  },
  {
    "IdName": "CD_Reduction",
    "Folder": "Affixes\\Equipment",
    "Images": [
      "cooldown reduction - generic.png"
    ]
  },
  {
    "IdName": "Armor",
    "Folder": "Affixes\\Equipment",
    "Images": [
      "total armor - generic.png"
    ]
  },
  {
    "IdName": "Damage_to_Vulnerable",
    "Folder": "Affixes\\Equipment",
    "Images": [
      "vulnerable damage - generic.png"
    ]
  },
  {
    "IdName": "Resource_Cost_Reduction_Rogue",
    "Folder": "Affixes\\Equipment",
    "Images": [
      "energy cost reduction - rogue.png"
    ]
  },
  {
    "IdName": "SkillRankBonus_Rogue_Special_ShadowImbue",
    "Folder": "Affixes\\Equipment",
    "Images": [
      "ranks of shadow imbuement - rogue.png"
    ]
  },
  {
    "IdName": "Luck",
    "Folder": "Affixes\\Equipment",
    "Images": [
      "lucky hit chance - generic.png"
    ]
  },
  {
    "IdName": "AttackSpeed",
    "Folder": "Affixes\\Equipment",
    "Images": [
      "attack speed - generic.png"
    ]
  },
  {
    "IdName": "Damage_Category_Spenders",
    "Folder": "Affixes\\Equipment",
    "Images": [
      "core skill damage - generic.png"
    ]
  },
  {
    "IdName": "CritChance",
    "Folder": "Affixes\\Equipment",
    "Images": [
      "critical strike chance - generic.png"
    ]
  },
  {
    "IdName": "CritDamage",
    "Folder": "Affixes\\Equipment",
    "Images": [
      "critical strike damage - generic.png"
    ]
  },
  {
    "IdName": "Damage_to_Near",
    "Folder": "Affixes\\Equipment",
    "Images": [
      "damage to close enemies - generic.png"
    ]
  },
  {
    "IdName": "Legendary_Generic_110",
    "Folder": "Aspects\\Equipment",
    "Images": [
      "acellerating aspect  - generic - offensive.png"
    ]
  },
  {
    "IdName": "CoreStat_Strength",
    "Folder": "Affixes\\Equipment",
    "Images": [
      "strength - generic.png"
    ]
  },
  {
    "IdName": "Movement_Speed",
    "Folder": "Affixes\\Equipment",
    "Images": [
      "movement speed - generic.png"
    ]
  },
  {
    "IdName": "Resistance_All",
    "Folder": "Affixes\\Equipment",
    "Images": [
      "resistance to all elements - generic.png"
    ]
  },
  {
    "IdName": "Resistance_Single_Frost",
    "Folder": "Affixes\\Equipment",
    "Images": [
      "cold resistance - generic.png"
    ]
  },
  {
    "IdName": "Resistance_Single_Poison",
    "Folder": "Affixes\\Equipment",
    "Images": [
      "poison resistance - generic.png"
    ]
  },
  {
    "IdName": "CC_Duration_Reduction_Slow",
    "Folder": "Affixes\\Equipment",
    "Images": [
      "slow duration reduction - generic.png"
    ]
  },
  {
    "IdName": "Resistance_Single_Fire",
    "Folder": "Affixes\\Equipment",
    "Images": [
      "fire resistance - generic.png"
    ]
  },
  {
    "IdName": "Resistance_Single_Lightning",
    "Folder": "Affixes\\Equipment",
    "Images": [
      "lightning resistance - generic.png"
    ]
  },
  {
    "IdName": "Barrier_Strength_Percent",
    "Folder": "Affixes\\Equipment",
    "Images": [
      "barrier generation - generic.png"
    ]
  },
  {
    "IdName": "Resistance_Single_Shadow",
    "Folder": "Affixes\\Equipment",
    "Images": [
      "shadow resistance - generic.png"
    ]
  },
  {
    "IdName": "Damage_Category_Ultimate",
    "Folder": "Affixes\\Equipment",
    "Images": [
      "ultimate skill damage - generic.png"
    ]
  },
  {
    "IdName": "legendary_generic_009",
    "Folder": "Aspects\\Equipment",
    "Images": [
      "aspect of might- generic - defensive.png"
    ]
  },
  {
    "IdName": "legendary_generic_102",
    "Folder": "Aspects\\Equipment",
    "Images": [
      "shared misery  - rogue - offensive.png"
    ]
  },
  {
    "IdName": "legendary_rogue_106",
    "Folder": "Aspects\\Equipment",
    "Images": [
      "aspect of the ravenous  - rogue - resource.png"
    ]
  },
  {
    "IdName": "PassiveRankBonus_Rogue_Discipline_T2_N1_WeaponMastery",
    "Folder": "Affixes\\Equipment",
    "Images": [
      "ranks of the weapon mastery - rogue.png"
    ]
  },
  {
    "IdName": "ResourceGain",
    "Folder": "Affixes\\Equipment",
    "Images": [
      "resource generation - generic.png"
    ]
  },
  {
    "IdName": "CoreStat_Willpower",
    "Folder": "Affixes\\Equipment",
    "Images": [
      "willpower - generic.png"
    ]
  },
  {
    "IdName": "LifeRegen",
    "Folder": "Affixes\\Equipment",
    "Images": [
      "life regeneration if not damaged recently_1 - generic.png",
      "life regeneration if not damaged recently_2 - generic.png"
    ]
  },
  {
    "IdName": "Damage_to_CCd",
    "Folder": "Affixes\\Equipment",
    "Images": [
      "damage to crowd controlled enimes_1 - generic.png",
      "damage to crowd controlled enimes_2 - generic.png"
    ]
  },
  {
    "IdName": "SkillRankBonus_Rogue_Core_4",
    "Folder": "Affixes\\Equipment",
    "Images": [
      "ranks of twisting blades - rogue.png"
    ]
  },
  {
    "IdName": "Damage_Category_Basics",
    "Folder": "Affixes\\Equipment",
    "Images": [
      "basic skill damage - generic.png"
    ]
  },
  {
    "IdName": "CC_Duration_Reduction",
    "Folder": "Affixes\\Equipment",
    "Images": [
      "control impairmed duration - generic.png"
    ]
  },
  {
    "IdName": "Evade_Charges",
    "Folder": "Affixes\\Equipment",
    "Images": [
      "maxium evade charges - generic.png"
    ]
  },
  {
    "IdName": "Life",
    "Folder": "Affixes\\Equipment",
    "Images": [
      "maximum life - generic.png"
    ]
  },
  {
    "IdName": "PotionCharges",
    "Folder": "Affixes\\Equipment",
    "Images": [
      "potion capacity- generic.png"
    ]
  },
  {
    "IdName": "Damage_to_Stunned",
    "Folder": "Affixes\\Equipment",
    "Images": [
      "damage to stunned enemies - generic.png"
    ]
  },
  {
    "IdName": "Thorns",
    "Folder": "Affixes\\Equipment",
    "Images": [
      "thorns - generic.png"
    ]
  },
  {
    "IdName": "CritChance_To_LowLife",
    "Folder": "Affixes\\Equipment",
    "Images": [
      "critical strike chance against injured enemies_1 - generic.png",
      "injured enemies - generic.png"
    ]
  },
  {
    "IdName": "Lucky_Hit_Resource",
    "Folder": "Affixes\\Equipment",
    "Images": [
      "chance to restore primary resource_1 - generic.png",
      "chance to restore primary resource_2 - generic.png"
    ]
  },
  {
    "IdName": "CC_Duration",
    "Folder": "Affixes\\Equipment",
    "Images": [
      "crowd control duration - generic.png"
    ]
  },
  {
    "IdName": "Damage_DoT",
    "Folder": "Affixes\\Equipment",
    "Images": [
      "damage over time - generic.png"
    ]
  },
  {
    "IdName": "OverpowerDamage",
    "Folder": "Affixes\\Equipment",
    "Images": [
      "overpower damage - generic.png"
    ]
  },
  {
    "IdName": "CritDamage_With_Lightning",
    "Folder": "Affixes\\Equipment",
    "Images": [
      "lightning critical strike damage_1 - sorcerer.png",
      "damage - generic.png"
    ]
  },
  {
    "IdName": "Damage_to_Frozen",
    "Folder": "Affixes\\Equipment",
    "Images": [
      "damage to frozen enemies - sorcerer.png"
    ]
  },
  {
    "IdName": "PotionDropBonus",
    "Folder": "Affixes\\Equipment",
    "Images": [
      "potion drop rate - generic.png"
    ]
  },
  {
    "IdName": "PotionGrantsMoveSpeed",
    "Folder": "Affixes\\Equipment",
    "Images": [
      "while injured your potion also grants movement speed - generic.png"
    ]
  },
  {
    "IdName": "PotionGrantsResource",
    "Folder": "Affixes\\Equipment",
    "Images": [
      "while injured your potion also restores resource - generic.png"
    ]
  },
  {
    "IdName": "PotionBarrier",
    "Folder": "Affixes\\Equipment",
    "Images": [
      "while injured your potion also grants maximum life as barrier - generic.png"
    ]
  },
  {
    "IdName": "Damage_to_LowLife",
    "Folder": "Affixes\\Equipment",
    "Images": [
      "damage to injured enemies - generic.png"
    ]
  },
  {
    "IdName": "Damage_to_Slowed",
    "Folder": "Affixes\\Equipment",
    "Images": [
      "damage to slowed enemies - generic.png"
    ]
  },
  {
    "IdName": "Damage_to_Dazed",
    "Folder": "Affixes\\Equipment",
    "Images": [
      "damage to dazed enemies - rogue.png"
    ]
  },
  {
    "IdName": "Resource_Cost_Reduction_Sorcerer",
    "Folder": "Affixes\\Equipment",
    "Images": [
      "mana cost reduction - sorcerer.png"
    ]
  },
  {
    "IdName": "Resource_MaxMana",
    "Folder": "Affixes\\Equipment",
    "Images": [
      "maximum mana - sorcerer.png"
    ]
  },
  {
    "IdName": "AttackSpeed_Basics",
    "Folder": "Affixes\\Equipment",
    "Images": [
      "basic skill attack speed - generic.png"
    ]
  },
  {
    "IdName": "World_DGN_Kehj_Inferno",
    "Folder": "Affixes\\Sigils",
    "Images": [
      "inferno in kehjistan - dungeon.png"
    ]
  },
  {
    "IdName": "DungeonAffix_Positive_PeriodicLightning",
    "Folder": "Affixes\\Sigils",
    "Images": [
      "lightning caller - positive.png"
    ]
  },
  {
    "IdName": "DungeonAffix_Minor_Monster_ExtraShadow",
    "Folder": "Affixes\\Sigils",
    "Images": [
      "monster shadow damage - minor.png"
    ]
  },
  {
    "IdName": "DungeonAffix_Minor_Monster_Barrier",
    "Folder": "Affixes\\Sigils",
    "Images": [
      "monster barrier - minor.png"
    ]
  },
  {
    "IdName": "DungeonAffix_Minor_Monster_ReduceResistance",
    "Folder": "Affixes\\Sigils",
    "Images": [
      "resistance breakers - minor.png"
    ]
  },
  {
    "IdName": "World_DGN_Scos_Oldstones",
    "Folder": "Affixes\\Sigils",
    "Images": [
      "oldstones in scosglen - dungeon.png"
    ]
  },
  {
    "IdName": "DungeonAffix_Positive_IncreasedHealing",
    "Folder": "Affixes\\Sigils",
    "Images": [
      "increased healing - positive.png"
    ]
  },
  {
    "IdName": "DungeonAffix_Major_Blood Blister",
    "Folder": "Affixes\\Sigils",
    "Images": [
      "blood blister - major.png"
    ]
  },
  {
    "IdName": "DungeonAffix_Major_Empowered Elites (Electric Lance)",
    "Folder": "Affixes\\Sigils",
    "Images": [
      "empowered elites (shock lance) - major.png"
    ]
  },
  {
    "IdName": "DungeonAffix_Minor_Monster_ExtraBurning",
    "Folder": "Affixes\\Sigils",
    "Images": [
      "monster burning damage - minor.png"
    ]
  },
  {
    "IdName": "DungeonAffix_Minor_Monster_HPRegen",
    "Folder": "Affixes\\Sigils",
    "Images": [
      "monster regen - minor.png"
    ]
  },
  {
    "IdName": "DungeonAffix_Minor_Monster_AntiVulnerable",
    "Folder": "Affixes\\Sigils",
    "Images": [
      "monster vulnerable resist - minor.png"
    ]
  },
  {
    "IdName": "World_DGN_Hawe_EndlessGates",
    "Folder": "Affixes\\Sigils",
    "Images": [
      "endless gates in hawezar - dungeon.png"
    ]
  },
  {
    "IdName": "DungeonAffix_Positive_EvadePushesEnemies",
    "Folder": "Affixes\\Sigils",
    "Images": [
      "nudging evade - positive.png"
    ]
  },
  {
    "IdName": "DungeonAffix_Major_Nightmare Portal",
    "Folder": "Affixes\\Sigils",
    "Images": [
      "nightmare portal - major.png"
    ]
  },
  {
    "IdName": "DungeonAffix_Minor_Monster_LessLightning",
    "Folder": "Affixes\\Sigils",
    "Images": [
      "monster lightning resist - minor.png"
    ]
  },
  {
    "IdName": "DungeonAffix_Minor_Monster_SunderArmor",
    "Folder": "Affixes\\Sigils",
    "Images": [
      "armor breakers - minor.png"
    ]
  },
  {
    "IdName": "World_DGN_Frac_HallowedOssuary",
    "Folder": "Affixes\\Sigils",
    "Images": [
      "hallowed ossuary in fractured peaks - dungeon.png"
    ]
  },
  {
    "IdName": "DungeonAffix_Positive_LightningDamage",
    "Folder": "Affixes\\Sigils",
    "Images": [
      "lightning damage - positive.png"
    ]
  },
  {
    "IdName": "DungeonAffix_Major_StormbanesWrath",
    "Folder": "Affixes\\Sigils",
    "Images": [
      "stormbane\u0027s wrath - major.png"
    ]
  },
  {
    "IdName": "DungeonAffix_Minor_Monster_ExtraBleeding",
    "Folder": "Affixes\\Sigils",
    "Images": [
      "monster bleeding damage - minor.png"
    ]
  },
  {
    "IdName": "DungeonAffix_Minor_Monster_LessBleeding",
    "Folder": "Affixes\\Sigils",
    "Images": [
      "monster bleed resist - minor.png"
    ]
  },
  {
    "IdName": "DungeonAffix_Minor_Monster_ChanceSlow",
    "Folder": "Affixes\\Sigils",
    "Images": [
      "slow projectiles - minor.png"
    ]
  },
  {
    "IdName": "World_DGN_Step_CarrionFields",
    "Folder": "Affixes\\Sigils",
    "Images": [
      "carrison fields in dry steppes - dungeon.png"
    ]
  },
  {
    "IdName": "DungeonAffix_Minor_Monster_ReduceDodge",
    "Folder": "Affixes\\Sigils",
    "Images": [
      "dodge breakers - minor.png"
    ]
  },
  {
    "IdName": "World_DGN_Scos_VaultofTheForsaken",
    "Folder": "Affixes\\Sigils",
    "Images": [
      "vault of the forsaken in scosglen - dungeon.png"
    ]
  },
  {
    "IdName": "DungeonAffix_Major_Empowered Elites (Suppressor)",
    "Folder": "Affixes\\Sigils",
    "Images": [
      "empowered elites (suppressor) - major.png"
    ]
  },
  {
    "IdName": "DungeonAffix_Minor_Monster_ExtraCorruption",
    "Folder": "Affixes\\Sigils",
    "Images": [
      "monster shadow damage - minor.png"
    ]
  },
  {
    "IdName": "DungeonAffix_Minor_Monster_BarrierKiller",
    "Folder": "Affixes\\Sigils",
    "Images": [
      "barrier breakers - minor.png"
    ]
  },
  {
    "IdName": "DungeonAffix_Minor_Monster_LessPoison",
    "Folder": "Affixes\\Sigils",
    "Images": [
      "monster poison resist - minor.png"
    ]
  },
  {
    "IdName": "DungeonAffix_Positive_DamageReductionForMissingHealth",
    "Folder": "Affixes\\Sigils",
    "Images": [
      "battle hardened - positive.png"
    ]
  },
  {
    "IdName": "DungeonAffix_Minor_Monster_DrainResource",
    "Folder": "Affixes\\Sigils",
    "Images": [
      "resource burn - minor.png"
    ]
  },
  {
    "IdName": "DungeonAffix_Positive_GoldFind",
    "Folder": "Affixes\\Sigils",
    "Images": [
      "gold find - positive.png"
    ]
  },
  {
    "IdName": "World_DGN_Frac_ForbiddenCity",
    "Folder": "Affixes\\Sigils",
    "Images": [
      "forbidden city in fractured peaks - dungeon.png"
    ]
  },
  {
    "IdName": "DungeonAffix_Major_Drifting Shade",
    "Folder": "Affixes\\Sigils",
    "Images": [
      "drifting shade - major.png"
    ]
  },
  {
    "IdName": "DungeonAffix_Positive_IncreasedCritChance",
    "Folder": "Affixes\\Sigils",
    "Images": [
      "increased critical strike - positive.png"
    ]
  },
  {
    "IdName": "World_DGN_Step_WhisperingVault",
    "Folder": "Affixes\\Sigils",
    "Images": [
      "whispering vault in dry steppes - dungeon.png"
    ]
  },
  {
    "IdName": "DungeonAffix_Minor_Monster_ExtraPoison",
    "Folder": "Affixes\\Sigils",
    "Images": [
      "monster poison damage - minor.png"
    ]
  },
  {
    "IdName": "DungeonAffix_Minor_Monster_LessCold",
    "Folder": "Affixes\\Sigils",
    "Images": [
      "monster cold resist - minor.png"
    ]
  },
  {
    "IdName": "DungeonAffix_Minor_Monster_AntiCC",
    "Folder": "Affixes\\Sigils",
    "Images": [
      "monster crowd control resist.png"
    ]
  },
  {
    "IdName": "DungeonAffix_Major_Volcanic",
    "Folder": "Affixes\\Sigils",
    "Images": [
      "volcanic - major.png"
    ]
  },
  {
    "IdName": "DungeonAffix_Minor_Monster_HPBonus",
    "Folder": "Affixes\\Sigils",
    "Images": [
      "monster life - minor.png"
    ]
  },
  {
    "IdName": "DungeonAffix_Minor_Monster_Unstoppable",
    "Folder": "Affixes\\Sigils",
    "Images": [
      "unstoppable monsters - minor.png"
    ]
  },
  {
    "IdName": "DungeonAffix_Major_DeathPulse",
    "Folder": "Affixes\\Sigils",
    "Images": [
      "death pulse - major.png"
    ]
  },
  {
    "IdName": "DungeonAffix_Minor_Monster_LessPhysical",
    "Folder": "Affixes\\Sigils",
    "Images": [
      "monster physical resist.png"
    ]
  },
  {
    "IdName": "DungeonAffix_Minor_Monster_AntiOverpower",
    "Folder": "Affixes\\Sigils",
    "Images": [
      "monster overpower resist - minor.png"
    ]
  },
  {
    "IdName": "DungeonAffix_Positive_FireDamage",
    "Folder": "Affixes\\Sigils",
    "Images": [
      "fire damage - positive.png"
    ]
  },
  {
    "IdName": "DungeonAffix_Major_Avenger",
    "Folder": "Affixes\\Sigils",
    "Images": [
      "avenger - major.png"
    ]
  },
  {
    "IdName": "DungeonAffix_Positive_PoisonDamage",
    "Folder": "Affixes\\Sigils",
    "Images": [
      "poison damage - positive.png"
    ]
  },
  {
    "IdName": "DungeonAffix_Minor_Monster_LessMelee",
    "Folder": "Affixes\\Sigils",
    "Images": [
      "melee defenders - minor.png"
    ]
  },
  {
    "IdName": "DungeonAffix_Positive_FrostDamage",
    "Folder": "Affixes\\Sigils",
    "Images": [
      "frost damage - positive.png"
    ]
  },
  {
    "IdName": "DungeonAffix_Minor_Monster_AttackFaster",
    "Folder": "Affixes\\Sigils",
    "Images": [
      "monster attack speed - minor.png"
    ]
  },
  {
    "IdName": "DungeonAffix_Major_Lightning Storm",
    "Folder": "Affixes\\Sigils",
    "Images": [
      "lightning storm - major.png"
    ]
  },
  {
    "IdName": "DungeonAffix_Minor_Monster_ExtraCold",
    "Folder": "Affixes\\Sigils",
    "Images": [
      "monster cold damage - minor.png"
    ]
  },
  {
    "IdName": "DungeonAffix_Minor_Monster_LessShadow",
    "Folder": "Affixes\\Sigils",
    "Images": [
      "monster shadow resist - minor.png"
    ]
  },
  {
    "IdName": "DungeonAffix_Minor_Monster_LessRanged",
    "Folder": "Affixes\\Sigils",
    "Images": [
      "ranged defenders - minor.png"
    ]
  },
  {
    "IdName": "DungeonAffix_Minor_Monster_ReduceHealing",
    "Folder": "Affixes\\Sigils",
    "Images": [
      "potion breakers - minor.png"
    ]
  },
  {
    "IdName": "DungeonAffix_Positive_Thorns",
    "Folder": "Affixes\\Sigils",
    "Images": [
      "thorns - positive.png"
    ]
  },
  {
    "IdName": "DungeonAffix_Positive_CooldownReductionOnKill",
    "Folder": "Affixes\\Sigils",
    "Images": [
      "reduce cooldowns on kill - positive.png"
    ]
  },
  {
    "IdName": "DungeonAffix_Minor_Monster_LessCorruption",
    "Folder": "Affixes\\Sigils",
    "Images": [
      "monster shadow damage over time - minor.png",
      "resist - minor.png"
    ]
  },
  {
    "IdName": "DungeonAffix_Positive_StunCausesBurning",
    "Folder": "Affixes\\Sigils",
    "Images": [
      "control impaired explosions - positive.png"
    ]
  },
  {
    "IdName": "DungeonAffix_Minor_Monster_ExtraLightning",
    "Folder": "Affixes\\Sigils",
    "Images": [
      "monster lightning damage - minor.png"
    ]
  },
  {
    "IdName": "DungeonAffix_Minor_Monster_ExtraFire",
    "Folder": "Affixes\\Sigils",
    "Images": [
      "monster fire damage - minor.png"
    ]
  },
  {
    "IdName": "DungeonAffix_Positive_PhysicalDamage",
    "Folder": "Affixes\\Sigils",
    "Images": [
      "physical damage - positive.png"
    ]
  },
  {
    "IdName": "World_DGN_Frac_RitualTower",
    "Folder": "Affixes\\Sigils",
    "Images": [
      "tormented ruins in fractured peaks - dungeon.png"
    ]
  },
  {
    "IdName": "DungeonAffix_Positive_ShadowDamage",
    "Folder": "Affixes\\Sigils",
    "Images": [
      "shadow damage - positive.png"
    ]
  },
  {
    "IdName": "DungeonAffix_Positive_AttackMoveSpeedOnKill",
    "Folder": "Affixes\\Sigils",
    "Images": [
      "quick killer - positive.png"
    ]
  },
  {
    "IdName": "DungeonAffix_Minor_Monster_LessBurning",
    "Folder": "Affixes\\Sigils",
    "Images": [
      "monster burning resist - minor.png"
    ]
  },
  {
    "IdName": "DungeonAffix_Minor_Monster_LifeSteal",
    "Folder": "Affixes\\Sigils",
    "Images": [
      "monster life steal - minor.png"
    ]
  },
  {
    "IdName": "DungeonAffix_Major_Empowered Elites (Poison)",
    "Folder": "Affixes\\Sigils",
    "Images": [
      "empowered elites (poison enchanted) - major.png"
    ]
  },
  {
    "IdName": "World_DGN_Kehj_DesertedUnderpass",
    "Folder": "Affixes\\Sigils",
    "Images": [
      "deserted underpass in kehjistan - dungeon.png"
    ]
  },
  {
    "IdName": "World_DGN_Scos_JalalsVigil",
    "Folder": "Affixes\\Sigils",
    "Images": [
      "jalal\u0027s vigil in scosglen - dungeon.png"
    ]
  },
  {
    "IdName": "World_DGN_Hawe_SteadfastBarracks",
    "Folder": "Affixes\\Sigils",
    "Images": [
      "steadfast barracks in hawezar - dungeon.png"
    ]
  },
  {
    "IdName": "DungeonAffix_Minor_Monster_AttackBehind",
    "Folder": "Affixes\\Sigils",
    "Images": [
      "backstabbers - minor.png"
    ]
  },
  {
    "IdName": "World_DGN_Kehj_SiroccoCaverns",
    "Folder": "Affixes\\Sigils",
    "Images": [
      "sirocco caverns in kehjistan - dungeon.png"
    ]
  },
  {
    "IdName": "World_DGN_Hawe_GhoaRuins",
    "Folder": "Affixes\\Sigils",
    "Images": [
      "ghoa ruins in hawezar - dungeon.png"
    ]
  },
  {
    "IdName": "World_DGN_Scos_LubansRest",
    "Folder": "Affixes\\Sigils",
    "Images": [
      "luban\u0027s rest in scosglen - dungeon.png"
    ]
  },
  {
    "IdName": "DungeonAffix_Positive_EvadeLeavesPoison",
    "Folder": "Affixes\\Sigils",
    "Images": [
      "poison evade - positive.png"
    ]
  },
  {
    "IdName": "DungeonAffix_Positive_MagicFind",
    "Folder": "Affixes\\Sigils",
    "Images": [
      "magic find - positive.png"
    ]
  },
  {
    "IdName": "DungeonAffix_Minor_Monster_LessFire",
    "Folder": "Affixes\\Sigils",
    "Images": [
      "monster fire resist - minor.png"
    ]
  },
  {
    "IdName": "Dodge_Melee",
    "Folder": "Affixes\\Equipment",
    "Images": [
      "dodge chance against close enemies_1 - generic.png",
      "enemies - generic.png"
    ]
  },
  {
    "IdName": "Dodge_Ranged",
    "Folder": "Affixes\\Equipment",
    "Images": [
      "dodge chance against distant enemies_1 - generic.png",
      "enemies - generic.png"
    ]
  },
  {
    "IdName": "CoreStat_StrengthPercent",
    "Folder": "Affixes\\Equipment",
    "Images": [
      "percentage - generic.png",
      "strength - generic.png"
    ]
  },
  {
    "IdName": "CoreStat_WillpowerPercent",
    "Folder": "Affixes\\Equipment",
    "Images": [
      "percentage - generic.png",
      "willpower - generic.png"
    ]
  },
  {
    "IdName": "CoreStat_IntelligencePercent",
    "Folder": "Affixes\\Equipment",
    "Images": [
      "percentage - generic.png",
      "intelligence - generic.png"
    ]
  },
  {
    "IdName": "CoreStat_DexterityPercent",
    "Folder": "Affixes\\Equipment",
    "Images": [
      "percentage - generic.png",
      "dexterity - generic.png"
    ]
  },
  {
    "IdName": "LifePercent",
    "Folder": "Affixes\\Equipment",
    "Images": [
      "percentage - generic.png",
      "maximum life - generic.png"
    ]
  },
  {
    "IdName": "Damage",
    "Folder": "Affixes\\Equipment",
    "Images": [
      "percentage - generic.png",
      "damage - generic.png"
    ]
  },
  {
    "IdName": "Damage_Category_SorcMastery",
    "Folder": "Affixes\\Equipment",
    "Images": [
      "mastery skill damage - sorcerer.png"
    ]
  },
  {
    "IdName": "Dodge",
    "Folder": "Affixes\\Equipment",
    "Images": [
      "percentage - generic.png",
      "dodge chance - generic.png"
    ]
  },
  {
    "IdName": "Luck_With_Barrier",
    "Folder": "Affixes\\Equipment",
    "Images": [
      "lucky hit chance - generic.png",
      "barrier - generic.png"
    ]
  },
  {
    "IdName": "HealingPercent",
    "Folder": "Affixes\\Equipment",
    "Images": [
      "healing received - generic.png"
    ]
  },
  {
    "IdName": "ShrineDuration",
    "Folder": "Affixes\\Equipment",
    "Images": [
      "shrine buff duration - generic.png"
    ]
  },
  {
    "IdName": "PassiveRankBonus_Sorc_Fire_T2_N3_DevouringFlames",
    "Folder": "Affixes\\Equipment",
    "Images": [
      "rank - generic.png",
      "devouring blaze - sorcerer.png"
    ]
  },
  {
    "IdName": "SkillRankBonus_Generic_Category_Defensive",
    "Folder": "Affixes\\Equipment",
    "Images": [
      "rank - generic.png",
      "defensive skills - sorcerer.png"
    ]
  },
  {
    "IdName": "SkillRankBonus_Sorc_Category_Mastery",
    "Folder": "Affixes\\Equipment",
    "Images": [
      "rank - generic.png",
      "mastery skills - sorcerer.png"
    ]
  },
  {
    "IdName": "SkillRankBonus_Sorc_Category_Conjuration",
    "Folder": "Affixes\\Equipment",
    "Images": [
      "rank - generic.png",
      "conjuration skills - sorcerer.png"
    ]
  },
  {
    "IdName": "PassiveRankBonus_Sorc_Elemental_T2_N3_ElementalDominance",
    "Folder": "Affixes\\Equipment",
    "Images": [
      "rank - generic.png",
      "elemental dominance - sorcerer.png"
    ]
  },
  {
    "IdName": "Elite_Kill_Damage",
    "Folder": "Affixes\\Equipment",
    "Images": [
      "damage for 4 seconds after killing an elite_1 - generic.png",
      "killing an elite - generic.png"
    ]
  },
  {
    "IdName": "SkillRankBonus_Sorc_Special_BallLightning",
    "Folder": "Affixes\\Equipment",
    "Images": [
      "rank - generic.png",
      "ball lightning - sorcerer.png"
    ]
  },
  {
    "IdName": "SkillRankBonus_Sorc_Special_Blizzard",
    "Folder": "Affixes\\Equipment",
    "Images": [
      "rank - generic.png",
      "blizzard - sorcerer.png"
    ]
  },
  {
    "IdName": "SkillRankBonus_Sorc_Core_3",
    "Folder": "Affixes\\Equipment",
    "Images": [
      "rank - generic.png",
      "chain lightning - sorcerer.png"
    ]
  },
  {
    "IdName": "SkillRankBonus_Sorc_Core_4",
    "Folder": "Affixes\\Equipment",
    "Images": [
      "rank - generic.png",
      "charged bolts - sorcerer.png"
    ]
  },
  {
    "IdName": "SkillRankBonus_Sorc_Special_Firewall",
    "Folder": "Affixes\\Equipment",
    "Images": [
      "rank - generic.png",
      "firewall - sorcerer.png"
    ]
  },
  {
    "IdName": "PassiveRankBonus_Sorc_Fire_T1_N2_InnerFlames",
    "Folder": "Affixes\\Equipment",
    "Images": [
      "rank - generic.png",
      "inner flames - sorcerer.png"
    ]
  },
  {
    "IdName": "Damage_Tag_WeaponMastery",
    "Folder": "Affixes\\Equipment",
    "Images": [
      "weapon mastery skill damage - barbarian.png"
    ]
  },
  {
    "IdName": "SkillRankBonus_Barb_Category_WeaponMastery",
    "Folder": "Affixes\\Equipment",
    "Images": [
      "rank - generic.png",
      "weapon mastery skills - barbarian.png"
    ]
  },
  {
    "IdName": "Berserk_Damage",
    "Folder": "Affixes\\Equipment",
    "Images": [
      "damage while berserking - barbarian.png"
    ]
  },
  {
    "IdName": "Resource_MaxFury",
    "Folder": "Affixes\\Equipment",
    "Images": [
      "maximum fury - barbarian.png"
    ]
  },
  {
    "IdName": "FortifyDamageReduction",
    "Folder": "Affixes\\Equipment",
    "Images": [
      "damage reduction - generic.png",
      "while fortified - barbarian - druid.png"
    ]
  },
  {
    "IdName": "DamageReductionClose",
    "Folder": "Affixes\\Equipment",
    "Images": [
      "damage reduction - generic.png",
      "damage reduction from close - generic.png"
    ]
  },
  {
    "IdName": "DamageReductionDistant",
    "Folder": "Affixes\\Equipment",
    "Images": [
      "damage reduction - generic.png",
      "damage reduction from distant - generic.png"
    ]
  },
  {
    "IdName": "DamageReductionInjured",
    "Folder": "Affixes\\Equipment",
    "Images": [
      "damage reduction - generic.png",
      "damage reduction while injured - generic.png"
    ]
  },
  {
    "IdName": "DamageReduction_Burning",
    "Folder": "Affixes\\Equipment",
    "Images": [
      "damage reduction - generic.png",
      "damage reduction from burnging enemies_1 - sorcerer.png"
    ]
  },
  {
    "IdName": "DamageReduction_Bleeding",
    "Folder": "Affixes\\Equipment",
    "Images": [
      "damage reduction - generic.png",
      "from bleeding - barbarian.png"
    ]
  },
  {
    "IdName": "SkillRankBonus_Barb_Core_1_Slot01",
    "Folder": "Affixes\\Equipment",
    "Images": [
      "rank - generic.png",
      "hammer of the ancients - barbarian.png"
    ]
  },
  {
    "IdName": "Resource_Cost_Reduction_Barbarian",
    "Folder": "Affixes\\Equipment",
    "Images": [
      "fury cost reduction - barbarian.png"
    ]
  },
  {
    "IdName": "Damage_Type_Bonus_Physical",
    "Folder": "Affixes\\Equipment",
    "Images": [
      "physical damage - generic.png"
    ]
  },
  {
    "IdName": "Damage_Type_DoT_Bonus_Bleed",
    "Folder": "Affixes\\Equipment",
    "Images": [
      "physical damage - generic.png",
      "over time - generic.png"
    ]
  },
  {
    "IdName": "legendary_generic_043",
    "Folder": "Aspects\\Equipment",
    "Images": [
      "rapid aspect  - generic - offensive.png"
    ]
  },
  {
    "IdName": "legendary_generic_063",
    "Folder": "Aspects\\Equipment",
    "Images": [
      "edgemaster\u0027s aspect_1  - generic - offensive.png",
      "edgemaster\u0027s aspect_2  - generic - offensive.png",
      "edgemaster\u0027s aspect_3  - generic - offensive.png",
      "edgemaster\u0027s aspect_4  - generic - offensive.png"
    ]
  },
  {
    "IdName": "legendary_barb_041",
    "Folder": "Aspects\\Equipment",
    "Images": [
      "aspect of ancestral force  - barbarian - offensive.png"
    ]
  },
  {
    "IdName": "legendary_barb_057",
    "Folder": "Aspects\\Equipment",
    "Images": [
      "bold cheiftain\u0027s aspect  - barbarian - utility.png"
    ]
  },
  {
    "IdName": "legendary_generic_100",
    "Folder": "Aspects\\Equipment",
    "Images": [
      "ghostwalker aspect  - generic - mobility.png"
    ]
  },
  {
    "IdName": "legendary_barb_011",
    "Folder": "Aspects\\Equipment",
    "Images": [
      "relentless berserker\u0027s aspect_1 - barbarian - utility.png",
      "relentless berserker\u0027s aspect_2 - barbarian - utility.png"
    ]
  },
  {
    "IdName": "legendary_generic_067",
    "Folder": "Aspects\\Equipment",
    "Images": [
      "aspect of the expectant- generic - offensive.png"
    ]
  },
  {
    "IdName": "legendary_barb_017",
    "Folder": "Aspects\\Equipment",
    "Images": [
      "aspect of numbing wrath_1 - barbarian - defensive.png",
      "aspect of numbing wrath_2 - barbarian - defensive.png"
    ]
  },
  {
    "IdName": "legendary_generic_036",
    "Folder": "Aspects\\Equipment",
    "Images": [
      "aspect of disobedience_1 - generic - defensive.png",
      "aspect of disobedience_2 - generic - defensive.png"
    ]
  },
  {
    "IdName": "Legendary_Generic_111",
    "Folder": "Aspects\\Equipment",
    "Images": [
      "exploiter\u0027s aspect_1  - generic - offensive.png",
      "exploiter\u0027s aspect_2  - generic - offensive.png"
    ]
  },
  {
    "IdName": "PassiveRankBonus_Barb_Warlord_T2_N2_BruteForce",
    "Folder": "Affixes\\Equipment",
    "Images": [
      "rank - generic.png",
      "brute force passive - barbarian.png"
    ]
  },
  {
    "IdName": "legendary_barb_007",
    "Folder": "Aspects\\Equipment",
    "Images": [
      "aspect of echoing fury - barbarian - resource.png"
    ]
  },
  {
    "IdName": "Legendary_Barb_110",
    "Folder": "Aspects\\Equipment",
    "Images": [
      "aspect of limitless rage_1  - barbarian - offensive.png",
      "aspect of limitless rage_2  - barbarian - offensive.png"
    ]
  },
  {
    "IdName": "PassiveRankBonus_Barb_03_Counteroffensive",
    "Folder": "Affixes\\Equipment",
    "Images": [
      "rank - generic.png",
      "counteroffensive passive - barbarian.png"
    ]
  },
  {
    "IdName": "legendary_sorc_119",
    "Folder": "Aspects\\Equipment",
    "Images": [
      "gravitational aspect  - sorcerer - offensive.png"
    ]
  },
  {
    "IdName": "SkillRankBonus_Sorc_Special_Teleport",
    "Folder": "Affixes\\Equipment",
    "Images": [
      "rank - generic.png",
      "teleport - sorcerer.png"
    ]
  },
  {
    "IdName": "PassiveRankBonus_Sorc_02_ConjurationMastery",
    "Folder": "Affixes\\Equipment",
    "Images": [
      "rank - generic.png",
      "conjuration - sorcerer.png",
      "passive - generic.png"
    ]
  },
  {
    "IdName": "SkillRankBonus_Sorc_Special_FrostNova",
    "Folder": "Affixes\\Equipment",
    "Images": [
      "rank - generic.png",
      "frost nova - sorcerer.png"
    ]
  },
  {
    "IdName": "PassiveRankBonus_Sorc_Elemental_T2_N1_GlassCannon",
    "Folder": "Affixes\\Equipment",
    "Images": [
      "rank - generic.png",
      "glass cannon - sorcerer.png",
      "passive - generic.png"
    ]
  },
  {
    "IdName": "Evade_Attack_Reset",
    "Folder": "Affixes\\Equipment",
    "Images": [
      "attacks reduce evade\u0027s cooldown - generic.png"
    ]
  },
  {
    "IdName": "CoreStat_Intelligence",
    "Folder": "Affixes\\Equipment",
    "Images": [
      "intelligence_test - generic.png"
    ]
  },
  {
    "IdName": "DungeonAffix_Minor_Monster_AntiCrit",
    "Folder": "Affixes\\Sigils",
    "Images": [
      "monster critical resist - minor.png"
    ]
  },
  {
    "IdName": "PassiveRankBonus_Barb_Berserker_T2_N4_HeavyHanded",
    "Folder": "Affixes\\Equipment",
    "Images": [
      "rank - generic.png",
      "heavy handed - barbarian.png",
      "passive - generic.png"
    ]
  },
  {
    "IdName": "PassiveRankBonus_Barb_10_Wallop",
    "Folder": "Affixes\\Equipment",
    "Images": [
      "rank - generic.png",
      "wallop - barbarian.png",
      "passive - generic.png"
    ]
  }
]