[
  {
    "IdName": "Armor",
    "Folder": "Affixes\\Equipment",
    "Images": [
      "total armor.png"
    ]
  },
  {
    "IdName": "CD_Reduction",
    "Folder": "Affixes\\Equipment",
    "Images": [
      "cooldown reduction.png"
    ]
  },
  {
    "IdName": "Life",
    "Folder": "Affixes\\Equipment",
    "Images": [
      "maximum life.png"
    ]
  },
  {
    "IdName": "DamageReductionClose",
    "Folder": "Affixes\\Equipment",
    "Images": [
      "damage reduction from close enemies.png"
    ]
  },
  {
    "IdName": "DamageReductionDistant",
    "Folder": "Affixes\\Equipment",
    "Images": [
      "damage reduction from distant.png"
    ]
  },
  {
    "IdName": "FortifyDamageReduction",
    "Folder": "Affixes\\Equipment",
    "Images": [
      "damage reduction while fortified.png"
    ]
  },
  {
    "IdName": "CritChance",
    "Folder": "Affixes\\Equipment",
    "Images": [
      "critical strike chance.png"
    ]
  },
  {
    "IdName": "CritDamage",
    "Folder": "Affixes\\Equipment",
    "Images": [
      "critical strike damage.png"
    ]
  },
  {
    "IdName": "CoreStat_Strength",
    "Folder": "Affixes\\Equipment",
    "Images": [
      "strength.png"
    ]
  },
  {
    "IdName": "Movement_Speed",
    "Folder": "Affixes\\Equipment",
    "Images": [
      "movement speed.png"
    ]
  },
  {
    "IdName": "OverpowerDamage",
    "Folder": "Affixes\\Equipment",
    "Images": [
      "overpower damage.png"
    ]
  },
  {
    "IdName": "CoreStats_All",
    "Folder": "Affixes\\Equipment",
    "Images": [
      "all stats.png"
    ]
  },
  {
    "IdName": "Damage_to_Near",
    "Folder": "Affixes\\Equipment",
    "Images": [
      "damage to close enemies.png"
    ]
  },
  {
    "IdName": "Damage_to_Slowed",
    "Folder": "Affixes\\Equipment",
    "Images": [
      "damage to slowed enemies.png"
    ]
  },
  {
    "IdName": "Damage_to_Vulnerable",
    "Folder": "Affixes\\Equipment",
    "Images": [
      "vulnerable damage.png"
    ]
  },
  {
    "IdName": "Berserk_Damage",
    "Folder": "Affixes\\Equipment",
    "Images": [
      "damage while berserking.png"
    ]
  },
  {
    "IdName": "SkillRankBonus_Barb_Category_Brawling",
    "Folder": "Affixes\\Equipment",
    "Images": [
      "brawling skills.png"
    ]
  }
]