[
  {
    "IdName": "CD_Reduction",
    "Folder": "Affixes\\Equipment",
    "Images": [
      "cooldown reduction.png"
    ]
  },
  {
    "IdName": "Life",
    "Folder": "Affixes\\Equipment",
    "Images": [
      "maximum_life.png"
    ]
  },
  {
    "IdName": "Life_On_Kill",
    "Folder": "Affixes\\Equipment",
    "Images": [
      "life on kill.png"
    ]
  },
  {
    "IdName": "PotionBarrier",
    "Folder": "Affixes\\Equipment",
    "Images": [
      "while injured.png",
      "as barrier.png"
    ]
  },
  {
    "IdName": "DamageReductionClose",
    "Folder": "Affixes\\Equipment",
    "Images": [
      "damage reduction from close.png"
    ]
  },
  {
    "IdName": "DamageReduction",
    "Folder": "Affixes\\Equipment",
    "Images": [
      "damage reduction.png"
    ]
  },
  {
    "IdName": "Armor",
    "Folder": "Affixes\\Equipment",
    "Images": [
      "total armor.png"
    ]
  },
  {
    "IdName": "AttackSpeed",
    "Folder": "Affixes\\Equipment",
    "Images": [
      "attack speed.png"
    ]
  },
  {
    "IdName": "Lucky_Hit_Resource",
    "Folder": "Affixes\\Equipment",
    "Images": [
      "lucky restore1.png",
      "primary resource2.png"
    ]
  },
  {
    "IdName": "SkillRankBonus_Rogue_Category_Imbuements",
    "Folder": "Affixes\\Equipment",
    "Images": [
      "ranks of all imbuement skills.png"
    ]
  },
  {
    "IdName": "PassiveRankBonus_Rogue_Cunning_T2_N2_DeadlyVenom",
    "Folder": "Affixes\\Equipment",
    "Images": [
      "ranks of deadly venom.png"
    ]
  },
  {
    "IdName": "Damage_Type_Bonus_Physical",
    "Folder": "Affixes\\Equipment",
    "Images": [
      "physical damage.png"
    ]
  },
  {
    "IdName": "PassiveRankBonus_Rogue_Cunning_T4_N1_FrigidFinesse",
    "Folder": "Affixes\\Equipment",
    "Images": [
      "ranks of the frigid finesse.png"
    ]
  },
  {
    "IdName": "SkillRankBonus_Rogue_Special2_PoisonImbue",
    "Folder": "Affixes\\Equipment",
    "Images": [
      "ranks of poison imbuement.png"
    ]
  },
  {
    "IdName": "DamageReduction_Poisoned",
    "Folder": "Affixes\\Equipment",
    "Images": [
      "damage reduction from.png",
      "that are poisoned.png"
    ]
  },
  {
    "IdName": "Damage_Type_Bonus_Cold",
    "Folder": "Affixes\\Equipment",
    "Images": [
      "cold damage.png"
    ]
  },
  {
    "IdName": "Damage_to_Far",
    "Folder": "Affixes\\Equipment",
    "Images": [
      "damage to distant enemies.png"
    ]
  },
  {
    "IdName": "SkillRankBonus_Rogue_Core_4",
    "Folder": "Affixes\\Equipment",
    "Images": [
      "ranks of twisting blades.png"
    ]
  },
  {
    "IdName": "Movement_Speed",
    "Folder": "Affixes\\Equipment",
    "Images": [
      "movement speed.png"
    ]
  },
  {
    "IdName": "Evade_Charges_Random",
    "Folder": "Affixes\\Equipment",
    "Images": [
      "max evade charges.png"
    ]
  },
  {
    "IdName": "Evade_Charges",
    "Folder": "Affixes\\Equipment",
    "Images": [
      "max evade charges.png"
    ]
  },
  {
    "IdName": "Resistance_Single_Frost",
    "Folder": "Affixes\\Equipment",
    "Images": [
      "cold resistance.png"
    ]
  },
  {
    "IdName": "Resistance_Single_Lightning",
    "Folder": "Affixes\\Equipment",
    "Images": [
      "lightning resistance.png"
    ]
  },
  {
    "IdName": "Resistance_Single_Fire",
    "Folder": "Affixes\\Equipment",
    "Images": [
      "fire resistance.png"
    ]
  },
  {
    "IdName": "Resistance_Single_Poison",
    "Folder": "Affixes\\Equipment",
    "Images": [
      "poison resistance.png"
    ]
  },
  {
    "IdName": "CritChance",
    "Folder": "Affixes\\Equipment",
    "Images": [
      "critical strike chance.png"
    ]
  },
  {
    "IdName": "OverpowerDamage",
    "Folder": "Affixes\\Equipment",
    "Images": [
      "overpower damage.png"
    ]
  },
  {
    "IdName": "Resistance_Single_Shadow",
    "Folder": "Affixes\\Equipment",
    "Images": [
      "shadow resistance.png"
    ]
  },
  {
    "IdName": "Damage_to_Vulnerable",
    "Folder": "Affixes\\Equipment",
    "Images": [
      "vulnerable damage.png"
    ]
  },
  {
    "IdName": "Damage_to_LowLife",
    "Folder": "Affixes\\Equipment",
    "Images": [
      "damage to injured enemies.png"
    ]
  },
  {
    "IdName": "Damage_Weapon_DualWield",
    "Folder": "Affixes\\Equipment",
    "Images": [
      "damage with dual-wielded weapons.png"
    ]
  },
  {
    "IdName": "Damage_Category_Spenders",
    "Folder": "Affixes\\Equipment",
    "Images": [
      "core skill damage.png"
    ]
  },
  {
    "IdName": "Damage_to_Near",
    "Folder": "Affixes\\Equipment",
    "Images": [
      "damage to close enemies.png"
    ]
  },
  {
    "IdName": "CoreStat_Strength",
    "Folder": "Affixes\\Equipment",
    "Images": [
      "strength.png"
    ]
  },
  {
    "IdName": "CoreStats_All",
    "Folder": "Affixes\\Equipment",
    "Images": [
      "all stats.png"
    ]
  },
  {
    "IdName": "CoreStat_DexterityPercent",
    "Folder": "Affixes\\Equipment",
    "Images": [
      "dexterity.png"
    ]
  },
  {
    "IdName": "CoreStat_Dexterity",
    "Folder": "Affixes\\Equipment",
    "Images": [
      "dexterity.png"
    ]
  },
  {
    "IdName": "CritDamage",
    "Folder": "Affixes\\Equipment",
    "Images": [
      "critical strike damage.png"
    ]
  },
  {
    "IdName": "Damage_to_Slowed",
    "Folder": "Affixes\\Equipment",
    "Images": [
      "damage to slowed enemies.png"
    ]
  },
  {
    "IdName": "LifeRegen",
    "Folder": "Affixes\\Equipment",
    "Images": [
      "life regeneration while not.png"
    ]
  },
  {
    "IdName": "Thorns",
    "Folder": "Affixes\\Equipment",
    "Images": [
      "thorns.png"
    ]
  },
  {
    "IdName": "CoreStat_Willpower",
    "Folder": "Affixes\\Equipment",
    "Images": [
      "willpower.png"
    ]
  },
  {
    "IdName": "CoreStat_Intelligence",
    "Folder": "Affixes\\Equipment",
    "Images": [
      "intelligence.png"
    ]
  },
  {
    "IdName": "CoreStat_WillpowerPercent",
    "Folder": "Affixes\\Equipment",
    "Images": [
      "willpower.png"
    ]
  },
  {
    "IdName": "CoreStat_IntelligencePercent",
    "Folder": "Affixes\\Equipment",
    "Images": [
      "intelligence.png"
    ]
  },
  {
    "IdName": "Damage_Category_Ultimate",
    "Folder": "Affixes\\Equipment",
    "Images": [
      "ultimate skill damage.png"
    ]
  },
  {
    "IdName": "Barrier_Strength_Percent",
    "Folder": "Affixes\\Equipment",
    "Images": [
      "barrier generation.png"
    ]
  },
  {
    "IdName": "ShrineDuration",
    "Folder": "Affixes\\Equipment",
    "Images": [
      "shrine buff duration.png"
    ]
  },
  {
    "IdName": "AttackSpeed_Basics",
    "Folder": "Affixes\\Equipment",
    "Images": [
      "basic skill attack speed.png"
    ]
  },
  {
    "IdName": "LifePercent",
    "Folder": "Affixes\\Equipment",
    "Images": [
      "maximum.png",
      "life.png"
    ]
  },
  {
    "IdName": "ResourceGain",
    "Folder": "Affixes\\Equipment",
    "Images": [
      "resource generation.png"
    ]
  },
  {
    "IdName": "Resistance_All",
    "Folder": "Affixes\\Equipment",
    "Images": [
      "resistance to all elements.png"
    ]
  },
  {
    "IdName": "Luck",
    "Folder": "Affixes\\Equipment",
    "Images": [
      "lucky hit chance.png"
    ]
  },
  {
    "IdName": "Dodge",
    "Folder": "Affixes\\Equipment",
    "Images": [
      "dodge chance.png"
    ]
  },
  {
    "IdName": "CoreStat_StrengthPercent",
    "Folder": "Affixes\\Equipment",
    "Images": [
      "strength.png"
    ]
  },
  {
    "IdName": "PassiveRankBonus_Barb_Berserker_T3_N3_SlayingStrike",
    "Folder": "Affixes\\Equipment",
    "Images": [
      "rank of the slaying strike passive.png"
    ]
  },
  {
    "IdName": "Resource_MaxFury",
    "Folder": "Affixes\\Equipment",
    "Images": [
      "maximum fury.png"
    ]
  },
  {
    "IdName": "Resource_Cost_Reduction_Barbarian",
    "Folder": "Affixes\\Equipment",
    "Images": [
      "fury cost reduction.png"
    ]
  },
  {
    "IdName": "CC_Duration",
    "Folder": "Affixes\\Equipment",
    "Images": [
      "crowd control duration.png"
    ]
  },
  {
    "IdName": "Damage_to_CCd",
    "Folder": "Affixes\\Equipment",
    "Images": [
      "damage to crowd controlled enemies.png"
    ]
  },
  {
    "IdName": "Damage_to_Bleeding",
    "Folder": "Affixes\\Equipment",
    "Images": [
      "damage to bleeding enemies.png"
    ]
  },
  {
    "IdName": "SkillRankBonus_Barb_Core_3_Slot01",
    "Folder": "Affixes\\Equipment",
    "Images": [
      "rank of double swing.png"
    ]
  },
  {
    "IdName": "Damage_to_Poisoned",
    "Folder": "Affixes\\Equipment",
    "Images": [
      "damage to poisoned enemies.png"
    ]
  },
  {
    "IdName": "CC_Duration_Freeze",
    "Folder": "Affixes\\Equipment",
    "Images": [
      "freeze duration.png"
    ]
  },
  {
    "IdName": "Damage_to_Chilled",
    "Folder": "Affixes\\Equipment",
    "Images": [
      "damage to chilled enemies.png"
    ]
  },
  {
    "IdName": "Damage_DoT",
    "Folder": "Affixes\\Equipment",
    "Images": [
      "damage over time.png"
    ]
  },
  {
    "IdName": "Damage_Type_DoT_Bonus_Bleed",
    "Folder": "Affixes\\Equipment",
    "Images": [
      "physical damage over time.png"
    ]
  },
  {
    "IdName": "SkillRankBonus_Sorc_Special_FrostNova",
    "Folder": "Affixes\\Equipment",
    "Images": [
      "rank of frost nova.png"
    ]
  },
  {
    "IdName": "Damage_to_Burning",
    "Folder": "Affixes\\Equipment",
    "Images": [
      "damage to burning enemies.png"
    ]
  },
  {
    "IdName": "Berserk_Damage",
    "Folder": "Affixes\\Equipment",
    "Images": [
      "damage while berserking.png"
    ]
  },
  {
    "IdName": "Dodge_Ranged",
    "Folder": "Affixes\\Equipment",
    "Images": [
      "dodge chance against distant.png"
    ]
  },
  {
    "IdName": "Damage_Category_Basics",
    "Folder": "Affixes\\Equipment",
    "Images": [
      "basic skill damage.png"
    ]
  },
  {
    "IdName": "PotionCharges",
    "Folder": "Affixes\\Equipment",
    "Images": [
      "potion capacity.png"
    ]
  },
  {
    "IdName": "PotionDropBonus",
    "Folder": "Affixes\\Equipment",
    "Images": [
      "potion drop rate.png"
    ]
  },
  {
    "IdName": "PotionGrantsMoveSpeed",
    "Folder": "Affixes\\Equipment",
    "Images": [
      "while injured your potion also.png",
      "movement speed.png"
    ]
  },
  {
    "IdName": "FortifyBonus",
    "Folder": "Affixes\\Equipment",
    "Images": [
      "fortify generation.png"
    ]
  },
  {
    "IdName": "legendary_generic_009",
    "Folder": "Aspects\\Equipment",
    "Images": [
      "might.png",
      "might2.png"
    ]
  },
  {
    "IdName": "Legendary_Generic_110",
    "Folder": "Aspects\\Equipment",
    "Images": [
      "accelerating.png",
      "accelerating1.png"
    ]
  },
  {
    "IdName": "legendary_generic_036",
    "Folder": "Aspects\\Equipment",
    "Images": [
      "disobedience.png",
      "disobedience1.png"
    ]
  },
  {
    "IdName": "legendary_rogue_021",
    "Folder": "Aspects\\Equipment",
    "Images": [
      "bladedancer.png"
    ]
  },
  {
    "IdName": "legendary_rogue_126",
    "Folder": "Aspects\\Equipment",
    "Images": [
      "pestilent point.png"
    ]
  },
  {
    "IdName": "legendary_rogue_029",
    "Folder": "Aspects\\Equipment",
    "Images": [
      "burning venoms.png",
      "burning venoms1.png"
    ]
  },
  {
    "IdName": "legendary_barb_102",
    "Folder": "Aspects\\Equipment",
    "Images": [
      "anemia.png"
    ]
  },
  {
    "IdName": "legendary_barb_014",
    "Folder": "Aspects\\Equipment",
    "Images": [
      "ancestral echoes.png"
    ]
  },
  {
    "IdName": "legendary_barb_041",
    "Folder": "Aspects\\Equipment",
    "Images": [
      "ancestral force.png"
    ]
  },
  {
    "IdName": "legendary_generic_102",
    "Folder": "Aspects\\Equipment",
    "Images": [
      "shared misery.png",
      "shared misery1.png"
    ]
  },
  {
    "IdName": "legendary_rogue_105",
    "Folder": "Aspects\\Equipment",
    "Images": [
      "vengeful.png"
    ]
  },
  {
    "IdName": "legendary_generic_112",
    "Folder": "Aspects\\Equipment",
    "Images": [
      "craven.png",
      "craven1.png"
    ]
  },
  {
    "IdName": "legendary_generic_113",
    "Folder": "Aspects\\Equipment",
    "Images": [
      "audacirty.png",
      "audacity1.png"
    ]
  },
  {
    "IdName": "legendary_rogue_018",
    "Folder": "Aspects\\Equipment",
    "Images": [
      "surprise.png",
      "surprise1.png"
    ]
  },
  {
    "IdName": "legendary_rogue_003",
    "Folder": "Aspects\\Equipment",
    "Images": [
      "imitated imbuement.png",
      "imitated imbuement1.png"
    ]
  },
  {
    "IdName": "legendary_generic_038",
    "Folder": "Aspects\\Equipment",
    "Images": [
      "retribution.png",
      "retribution1.png"
    ]
  },
  {
    "IdName": "legendary_generic_107",
    "Folder": "Aspects\\Equipment",
    "Images": [
      "deflecting barrier.png",
      "deflecting barrier1.png"
    ]
  },
  {
    "IdName": "legendary_rogue_028",
    "Folder": "Aspects\\Equipment",
    "Images": [
      "arrow strom.png",
      "arrow strom1.png"
    ]
  },
  {
    "IdName": "legendary_generic_067",
    "Folder": "Aspects\\Equipment",
    "Images": [
      "expectant.png",
      "expectant1.png"
    ]
  },
  {
    "IdName": "legendary_rogue_112",
    "Folder": "Aspects\\Equipment",
    "Images": [
      "siphoned victual.png",
      "siphoned victual1.png"
    ]
  },
  {
    "IdName": "legendary_rogue_011",
    "Folder": "Aspects\\Equipment",
    "Images": [
      "encriciling blades.png",
      "encriciling blades1.png"
    ]
  },
  {
    "IdName": "legendary_rogue_113",
    "Folder": "Aspects\\Equipment",
    "Images": [
      "corruption.png"
    ]
  },
  {
    "IdName": "legendary_necro_112",
    "Folder": "Aspects\\Equipment",
    "Images": [
      "untimely death.png"
    ]
  },
  {
    "IdName": "legendary_barb_006",
    "Folder": "Aspects\\Equipment",
    "Images": [
      "battle-mad.png"
    ]
  },
  {
    "IdName": "legendary_barb_001",
    "Folder": "Aspects\\Equipment",
    "Images": [
      "berserk ripping.png"
    ]
  },
  {
    "IdName": "legendary_barb_022",
    "Folder": "Aspects\\Equipment",
    "Images": [
      "beserk fury.png"
    ]
  },
  {
    "IdName": "legendary_barb_007",
    "Folder": "Aspects\\Equipment",
    "Images": [
      "echoing fury.png"
    ]
  },
  {
    "IdName": "legendary_barb_057",
    "Folder": "Aspects\\Equipment",
    "Images": [
      "bold chieftain.png"
    ]
  },
  {
    "IdName": "legendary_rogue_100",
    "Folder": "Aspects\\Equipment",
    "Images": [
      "branching volleys.png"
    ]
  },
  {
    "IdName": "legendary_barb_026",
    "Folder": "Aspects\\Equipment",
    "Images": [
      "bul-kathos.png"
    ]
  },
  {
    "IdName": "legendary_druid_108",
    "Folder": "Aspects\\Equipment",
    "Images": [
      "ballistic.png"
    ]
  },
  {
    "IdName": "Legendary_Barb_108",
    "Folder": "Aspects\\Equipment",
    "Images": [
      "burning rage.png"
    ]
  },
  {
    "IdName": "legendary_generic_027",
    "Folder": "Aspects\\Equipment",
    "Images": [
      "conceited.png",
      "conceited1.png"
    ]
  },
  {
    "IdName": "legendary_sorc_129",
    "Folder": "Aspects\\Equipment",
    "Images": [
      "control.png"
    ]
  },
  {
    "IdName": "Legendary_Barb_109",
    "Folder": "Aspects\\Equipment",
    "Images": [
      "devilish aspect.png"
    ]
  },
  {
    "IdName": "legendary_druid_023",
    "Folder": "Aspects\\Equipment",
    "Images": [
      "crashstone.png"
    ]
  },
  {
    "IdName": "legendary_barb_019",
    "Folder": "Aspects\\Equipment",
    "Images": [
      "dust devil\u0027s aspect.png"
    ]
  },
  {
    "IdName": "Legendary_Druid_116",
    "Folder": "Aspects\\Equipment",
    "Images": [
      "dire wolf.png"
    ]
  },
  {
    "IdName": "legendary_barb_025",
    "Folder": "Aspects\\Equipment",
    "Images": [
      "dire whirlwind.png"
    ]
  },
  {
    "IdName": "legendary_generic_103",
    "Folder": "Aspects\\Equipment",
    "Images": [
      "eluding.png",
      "eluding1.png"
    ]
  },
  {
    "IdName": "legendary_barb_020",
    "Folder": "Aspects\\Equipment",
    "Images": [
      "encroaching wrath.png"
    ]
  },
  {
    "IdName": "legendary_barb_111",
    "Folder": "Aspects\\Equipment",
    "Images": [
      "ancestral charge.png"
    ]
  },
  {
    "IdName": "legendary_rogue_107",
    "Folder": "Aspects\\Equipment",
    "Images": [
      "escape artist.png"
    ]
  },
  {
    "IdName": "legendary_generic_043",
    "Folder": "Aspects\\Equipment",
    "Images": [
      "rapid.png"
    ]
  },
  {
    "IdName": "legendary_rogue_020",
    "Folder": "Aspects\\Equipment",
    "Images": [
      "unstable imbuement.png"
    ]
  },
  {
    "IdName": "legendary_rogue_013",
    "Folder": "Aspects\\Equipment",
    "Images": [
      "volatile shadows.png"
    ]
  },
  {
    "IdName": "legendary_rogue_111",
    "Folder": "Aspects\\Equipment",
    "Images": [
      "cheat.png"
    ]
  },
  {
    "IdName": "legendary_generic_100",
    "Folder": "Aspects\\Equipment",
    "Images": [
      "ghostwalker.png"
    ]
  },
  {
    "IdName": "legendary_generic_014",
    "Folder": "Aspects\\Equipment",
    "Images": [
      "inner calm.png",
      "inner calm1.png"
    ]
  },
  {
    "IdName": "legendary_rogue_103",
    "Folder": "Aspects\\Equipment",
    "Images": [
      "uncanny  treachery.png",
      "uncanny  treachery1.png"
    ]
  },
  {
    "IdName": "legendary_rogue_004",
    "Folder": "Aspects\\Equipment",
    "Images": [
      "enshrouding.png"
    ]
  },
  {
    "IdName": "legendary_rogue_026",
    "Folder": "Aspects\\Equipment",
    "Images": [
      "shadowslicer.png"
    ]
  },
  {
    "IdName": "legendary_rogue_019",
    "Folder": "Aspects\\Equipment",
    "Images": [
      "trickster\u00B4s.png"
    ]
  },
  {
    "IdName": "legendary_rogue_010",
    "Folder": "Aspects\\Equipment",
    "Images": [
      "trickshot.png",
      "trickshot1.png"
    ]
  },
  {
    "IdName": "legendary_rogue_101",
    "Folder": "Aspects\\Equipment",
    "Images": [
      "blast-trapper1.png",
      "blast-trapper.png"
    ]
  },
  {
    "IdName": "legendary_rogue_014",
    "Folder": "Aspects\\Equipment",
    "Images": [
      "energizing.png",
      "energizing1.png"
    ]
  },
  {
    "IdName": "legendary_rogue_106",
    "Folder": "Aspects\\Equipment",
    "Images": [
      "ravenous.png",
      "ravenous1.png"
    ]
  },
  {
    "IdName": "legendary_rogue_109",
    "Folder": "Aspects\\Equipment",
    "Images": [
      "opportunist.png"
    ]
  },
  {
    "IdName": "legendary_generic_106",
    "Folder": "Aspects\\Equipment",
    "Images": [
      "needleflare.png"
    ]
  },
  {
    "IdName": "legendary_rogue_102",
    "Folder": "Aspects\\Equipment",
    "Images": [
      "explosiv verve.png",
      "explosiv verve1.png"
    ]
  },
  {
    "IdName": "legendary_generic_021",
    "Folder": "Aspects\\Equipment",
    "Images": [
      "umbral.png"
    ]
  },
  {
    "IdName": "legendary_rogue_118",
    "Folder": "Aspects\\Equipment",
    "Images": [
      "ravager\u00B4s.png"
    ]
  },
  {
    "IdName": "HealingPercent",
    "Folder": "Affixes\\Equipment",
    "Images": [
      "healing received.png"
    ]
  },
  {
    "IdName": "CC_Duration_Reduction",
    "Folder": "Affixes\\Equipment",
    "Images": [
      "control impaired duration.png",
      "reduction.png"
    ]
  },
  {
    "IdName": "Damage_Weapon_Ranged",
    "Folder": "Affixes\\Equipment",
    "Images": [
      "damage with ranged weapon.png"
    ]
  },
  {
    "IdName": "SkillRankBonus_Rogue_Special_ShadowImbue",
    "Folder": "Affixes\\Equipment",
    "Images": [
      "ranks of shadow imbuement.png"
    ]
  },
  {
    "IdName": "Resource_MaxEnergy",
    "Folder": "Affixes\\Equipment",
    "Images": [
      "maximum energy.png"
    ]
  },
  {
    "IdName": "Damage_to_Dazed",
    "Folder": "Affixes\\Equipment",
    "Images": [
      "damage to daze enemies.png"
    ]
  },
  {
    "IdName": "Damage_to_Trapped",
    "Folder": "Affixes\\Equipment",
    "Images": [
      "by trap skills.png",
      "damage to enemies affected.png"
    ]
  },
  {
    "IdName": "Damage_WeaponSwap",
    "Folder": "Affixes\\Equipment",
    "Images": [
      "damage with skill that swap.png"
    ]
  },
  {
    "IdName": "Damage_Tag_Ranged",
    "Folder": "Affixes\\Equipment",
    "Images": [
      "marksman skill damage.png"
    ]
  },
  {
    "IdName": "Damage_Tag_Melee",
    "Folder": "Affixes\\Equipment",
    "Images": [
      "cuttthroat skill damage.png"
    ]
  },
  {
    "IdName": "Lucky_Hit_Heal_Life",
    "Folder": "Affixes\\Equipment",
    "Images": [
      "lucky hit up to.png",
      "chance to heal.png"
    ]
  },
  {
    "IdName": "Lucky_Hit_Slow",
    "Folder": "Affixes\\Equipment",
    "Images": [
      "lucky hit up to.png",
      "slow.png"
    ]
  },
  {
    "IdName": "CritDamage_With_Imbued",
    "Folder": "Affixes\\Equipment",
    "Images": [
      "critical strike damage with.png",
      "imbued skills.png"
    ]
  },
  {
    "IdName": "Damage_to_Stunned",
    "Folder": "Affixes\\Equipment",
    "Images": [
      "damage to stunned enemies.png"
    ]
  },
  {
    "IdName": "Damage_Tag_Imbuements",
    "Folder": "Affixes\\Equipment",
    "Images": [
      "imbuement skill damage.png"
    ]
  },
  {
    "IdName": "SkillRankBonus_Rogue_Core_1",
    "Folder": "Affixes\\Equipment",
    "Images": [
      "ranks of rapid fire.png"
    ]
  },
  {
    "IdName": "SkillRankBonus_Rogue_Core_2",
    "Folder": "Affixes\\Equipment",
    "Images": [
      "ranks of flurry.png"
    ]
  },
  {
    "IdName": "SkillRankBonus_Rogue_Special_PoisonTrap",
    "Folder": "Affixes\\Equipment",
    "Images": [
      "ranks of poison trap.png"
    ]
  },
  {
    "IdName": "SkillRankBonus_Rogue_Special_DarkShroud",
    "Folder": "Affixes\\Equipment",
    "Images": [
      "ranks of dark shroud.png"
    ]
  },
  {
    "IdName": "SkillRankBonus_Rogue_Special_SmokeBomb",
    "Folder": "Affixes\\Equipment",
    "Images": [
      "ranks of smoke grenade.png"
    ]
  },
  {
    "IdName": "Dodge_Melee",
    "Folder": "Affixes\\Equipment",
    "Images": [
      "dodge chance against close.png"
    ]
  },
  {
    "IdName": "CDR_Imbues",
    "Folder": "Affixes\\Equipment",
    "Images": [
      "imbuement skill cooldown.png"
    ]
  },
  {
    "IdName": "Damage_Type_Bonus_Poison",
    "Folder": "Affixes\\Equipment",
    "Images": [
      "poison damage.png"
    ]
  },
  {
    "IdName": "DamageReductionInjured",
    "Folder": "Affixes\\Equipment",
    "Images": [
      "damage reduction while.png",
      "injured.png"
    ]
  },
  {
    "IdName": "Damage_to_Frozen",
    "Folder": "Affixes\\Equipment",
    "Images": [
      "damage to frozen enemies.png"
    ]
  },
  {
    "IdName": "PassiveRankBonus_Rogue_Cunning_T4_N2_Malice",
    "Folder": "Affixes\\Equipment",
    "Images": [
      "ranks of the malice.png"
    ]
  },
  {
    "IdName": "SkillRankBonus_Rogue_Category_Subterfuge",
    "Folder": "Affixes\\Equipment",
    "Images": [
      "ranks of all subterfuge skills.png"
    ]
  },
  {
    "IdName": "SkillRankBonus_Rogue_Category_Agility",
    "Folder": "Affixes\\Equipment",
    "Images": [
      "ranks of all agility skills.png"
    ]
  },
  {
    "IdName": "DamageReductionDistant",
    "Folder": "Affixes\\Equipment",
    "Images": [
      "damage reduction from.png",
      "distant enemies.png"
    ]
  },
  {
    "IdName": "CDR_Traps",
    "Folder": "Affixes\\Equipment",
    "Images": [
      "trap skill cooldown reduction.png"
    ]
  },
  {
    "IdName": "SkillRankBonus_Rogue_Special_ColdImbue",
    "Folder": "Affixes\\Equipment",
    "Images": [
      "ranks of cold imbuement.png"
    ]
  },
  {
    "IdName": "Damage_With_Imbued",
    "Folder": "Affixes\\Equipment",
    "Images": [
      "imbued skill damage.png"
    ]
  },
  {
    "IdName": "Resource_Cost_Reduction_Rogue",
    "Folder": "Affixes\\Equipment",
    "Images": [
      "energy cost reduction.png"
    ]
  },
  {
    "IdName": "SkillRankBonus_Rogue_Special_Dash",
    "Folder": "Affixes\\Equipment",
    "Images": [
      "ranks of dash.png"
    ]
  },
  {
    "IdName": "Execute",
    "Folder": "Affixes\\Equipment",
    "Images": [
      "execute injured.png",
      "lucky hit up to.png"
    ]
  },
  {
    "IdName": "Damage_Type_Bonus_Shadow",
    "Folder": "Affixes\\Equipment",
    "Images": [
      "shadow damage.png"
    ]
  },
  {
    "IdName": "Luck_With_Barrier",
    "Folder": "Affixes\\Equipment",
    "Images": [
      "lucky hit chance.png",
      "have a barrier.png"
    ]
  },
  {
    "IdName": "SkillRankBonus_Rogue_Core_3",
    "Folder": "Affixes\\Equipment",
    "Images": [
      "ranks of barrage.png"
    ]
  },
  {
    "IdName": "Lucky_Crit_Slow",
    "Folder": "Affixes\\Equipment",
    "Images": [
      "slow.png"
    ]
  },
  {
    "IdName": "legendary_rogue_117",
    "Folder": "Aspects\\Equipment",
    "Images": [
      "noxious ice.png"
    ]
  },
  {
    "IdName": "Trap_Arm_Time",
    "Folder": "Affixes\\Equipment",
    "Images": [
      "reduces the arm time.png"
    ]
  },
  {
    "IdName": "Damage",
    "Folder": "Affixes\\Equipment",
    "Images": [
      "damage.png"
    ]
  },
  {
    "IdName": "SkillRankBonus_Rogue_Special_Concealment",
    "Folder": "Affixes\\Equipment",
    "Images": [
      "ranks of concealment.png"
    ]
  },
  {
    "IdName": "legendary_rogue_108",
    "Folder": "Aspects\\Equipment",
    "Images": [
      "stolen vigor.png",
      "stolen vigor1.png"
    ]
  },
  {
    "IdName": "legendary_rogue_116",
    "Folder": "Aspects\\Equipment",
    "Images": [
      "umbrous.png",
      "umbrous1.png"
    ]
  },
  {
    "IdName": "legendary_rogue_123",
    "Folder": "Aspects\\Equipment",
    "Images": [
      "frostbitten.png"
    ]
  },
  {
    "IdName": "legendary_druid_113",
    "Folder": "Aspects\\Equipment",
    "Images": [
      "symbiotic.png"
    ]
  },
  {
    "IdName": "legendary_sorc_017",
    "Folder": "Aspects\\Equipment",
    "Images": [
      "frostblitz.png"
    ]
  },
  {
    "IdName": "legendary_sorc_107",
    "Folder": "Aspects\\Equipment",
    "Images": [
      "glacial.png"
    ]
  },
  {
    "IdName": "legendary_rogue_120",
    "Folder": "Aspects\\Equipment",
    "Images": [
      "lethal dusk.png"
    ]
  },
  {
    "IdName": "SkillRankBonus_Rogue_Special_ShadowStep",
    "Folder": "Affixes\\Equipment",
    "Images": [
      "ranks of shadow step.png"
    ]
  },
  {
    "IdName": "Legendary_Generic_111",
    "Folder": "Aspects\\Equipment",
    "Images": [
      "exploiter\u00B4s.png"
    ]
  },
  {
    "IdName": "legendary_generic_034",
    "Folder": "Aspects\\Equipment",
    "Images": [
      "protecting.png"
    ]
  },
  {
    "IdName": "legendary_rogue_122",
    "Folder": "Aspects\\Equipment",
    "Images": [
      "infiltrator\u00B4s.png"
    ]
  },
  {
    "IdName": "legendary_rogue_024",
    "Folder": "Aspects\\Equipment",
    "Images": [
      "icy alchemist.png"
    ]
  },
  {
    "IdName": "legendary_generic_065",
    "Folder": "Aspects\\Equipment",
    "Images": [
      "crowded sage.png",
      "crowded sage1.png"
    ]
  },
  {
    "IdName": "legendary_druid_018",
    "Folder": "Aspects\\Equipment",
    "Images": [
      "quicksand.png"
    ]
  },
  {
    "IdName": "legendary_rogue_110",
    "Folder": "Aspects\\Equipment",
    "Images": [
      "quickening fog.png"
    ]
  },
  {
    "IdName": "Legendary_Rogue_125",
    "Folder": "Aspects\\Equipment",
    "Images": [
      "snap frozen.png"
    ]
  },
  {
    "IdName": "legendary_barb_005",
    "Folder": "Aspects\\Equipment",
    "Images": [
      "iron blood.png"
    ]
  },
  {
    "IdName": "legendary_generic_109",
    "Folder": "Aspects\\Equipment",
    "Images": [
      "smiting.png",
      "smiting1.png"
    ]
  },
  {
    "IdName": "PassiveRankBonus_Rogue_Cunning_T3_N1_Exploit",
    "Folder": "Affixes\\Equipment",
    "Images": [
      "ranks of exploit.png"
    ]
  },
  {
    "IdName": "SkillRankBonus_Druid_Special_Hurricane",
    "Folder": "Affixes\\Equipment",
    "Images": [
      "rank of hurricane.png"
    ]
  },
  {
    "IdName": "legendary_rogue_121",
    "Folder": "Aspects\\Equipment",
    "Images": [
      "elusive menace.png"
    ]
  },
  {
    "IdName": "legendary_rogue_114",
    "Folder": "Aspects\\Equipment",
    "Images": [
      "mangler\u00B4s.png",
      "mangler\u00B4s1.png"
    ]
  },
  {
    "IdName": "Legendary_Rogue_124",
    "Folder": "Aspects\\Equipment",
    "Images": [
      "repeating.png"
    ]
  },
  {
    "IdName": "legendary_barb_050",
    "Folder": "Aspects\\Equipment",
    "Images": [
      "grasping whirlwind.png"
    ]
  },
  {
    "IdName": "legendary_necro_115",
    "Folder": "Aspects\\Equipment",
    "Images": [
      "hardened bones.png"
    ]
  },
  {
    "IdName": "legendary_rogue_023",
    "Folder": "Aspects\\Equipment",
    "Images": [
      "toxic alchemist\u00B4s.png"
    ]
  },
  {
    "IdName": "legendary_rogue_104",
    "Folder": "Aspects\\Equipment",
    "Images": [
      "cruel sustenance.png",
      "cruel sustenance1.png"
    ]
  },
  {
    "IdName": "SkillRankBonus_Rogue_Core_5",
    "Folder": "Affixes\\Equipment",
    "Images": [
      "penetrating shot.png"
    ]
  },
  {
    "IdName": "OverpowerChance",
    "Folder": "Affixes\\Equipment",
    "Images": [
      "overpower.png",
      "chance.png"
    ]
  },
  {
    "IdName": "legendary_rogue_119",
    "Folder": "Aspects\\Equipment",
    "Images": [
      "synergy.png",
      "synergy1.png"
    ]
  },
  {
    "IdName": "Resource_MaxMana",
    "Folder": "Affixes\\Equipment",
    "Images": [
      "maximum mana.png"
    ]
  },
  {
    "IdName": "legendary_barb_055",
    "Folder": "Aspects\\Equipment",
    "Images": [
      "steadfast.png"
    ]
  },
  {
    "IdName": "FortifyDamageReduction",
    "Folder": "Affixes\\Equipment",
    "Images": [
      "damage reduction while.png",
      "fortified.png"
    ]
  },
  {
    "IdName": "DamageReduction_Bleeding",
    "Folder": "Affixes\\Equipment",
    "Images": [
      "damage reduction from.png",
      "bleeding.png"
    ]
  },
  {
    "IdName": "SkillRankBonus_Barb_Core_1_Slot01",
    "Folder": "Affixes\\Equipment",
    "Images": [
      "rank of hammer of the ancients.png"
    ]
  },
  {
    "IdName": "CritChance_To_LowLife",
    "Folder": "Affixes\\Equipment",
    "Images": [
      "critical strike chance.png",
      "injured.png"
    ]
  },
  {
    "IdName": "Berserk_Duration",
    "Folder": "Affixes\\Equipment",
    "Images": [
      "berserking duration.png"
    ]
  },
  {
    "IdName": "Legendary_Barb_110",
    "Folder": "Aspects\\Equipment",
    "Images": [
      "limitless rage.png"
    ]
  },
  {
    "IdName": "World_DGN_Hawe_AkkhansGrasp",
    "Folder": "Affixes\\Sigils",
    "Images": [
      "akkhan\u00B4s grasp (map).png"
    ]
  },
  {
    "IdName": "World_DGN_Hawe_AncientReservoir",
    "Folder": "Affixes\\Sigils",
    "Images": [
      "ancient reservoir (map).png"
    ]
  },
  {
    "IdName": "World_DGN_Hawe_BastionOfFaith",
    "Folder": "Affixes\\Sigils",
    "Images": [
      "bastion of faith (map).png"
    ]
  },
  {
    "IdName": "World_DGN_Step_BetrayersRow",
    "Folder": "Affixes\\Sigils",
    "Images": [
      "betrayer\u00B4s row (map).png"
    ]
  },
  {
    "IdName": "World_DGN_Step_CharnelHouse",
    "Folder": "Affixes\\Sigils",
    "Images": [
      "charnel house (map).png"
    ]
  },
  {
    "IdName": "World_DGN_Kehj_CollapsedVault",
    "Folder": "Affixes\\Sigils",
    "Images": [
      "collapsed vault (map).png"
    ]
  },
  {
    "IdName": "World_DGN_Frac_DeadMansDredge",
    "Folder": "Affixes\\Sigils",
    "Images": [
      "dead man\u00B4s drege (map).png"
    ]
  },
  {
    "IdName": "World_DGN_Scos_DomhainneTunnels",
    "Folder": "Affixes\\Sigils",
    "Images": [
      "domhainne tunnels (map).png"
    ]
  },
  {
    "IdName": "World_DGN_Hawe_FacelessShrine",
    "Folder": "Affixes\\Sigils",
    "Images": [
      "faceless shirne (map).png"
    ]
  },
  {
    "IdName": "World_DGN_Scos_GaranHold",
    "Folder": "Affixes\\Sigils",
    "Images": [
      "garan hold (map).png"
    ]
  },
  {
    "IdName": "World_DGN_Kehj_HallsoftheDamned",
    "Folder": "Affixes\\Sigils",
    "Images": [
      "halls of the damned (map).png"
    ]
  },
  {
    "IdName": "World_DGN_Kehj_ForgottenRuins",
    "Folder": "Affixes\\Sigils",
    "Images": [
      "forgotten ruins (map).png"
    ]
  },
  {
    "IdName": "World_DGN_Hawe_IronHold",
    "Folder": "Affixes\\Sigils",
    "Images": [
      "iron hold (map).png"
    ]
  },
  {
    "IdName": "World_DGN_Step_KomdorTemple",
    "Folder": "Affixes\\Sigils",
    "Images": [
      "komdor temple (map).png"
    ]
  },
  {
    "IdName": "World_DGN_Kehj_HereticsAsylum",
    "Folder": "Affixes\\Sigils",
    "Images": [
      "heretics asylum (map).png"
    ]
  },
  {
    "IdName": "World_DGN_Frac_HoarfrostDemise",
    "Folder": "Affixes\\Sigils",
    "Images": [
      "hoarfrost demise (map).png"
    ]
  },
  {
    "IdName": "World_DGN_Frac_ImmortalEmanation",
    "Folder": "Affixes\\Sigils",
    "Images": [
      "immortal emanation (map).png"
    ]
  },
  {
    "IdName": "World_DGN_Frac_KorValarRamparts",
    "Folder": "Affixes\\Sigils",
    "Images": [
      "kor valar ramparts (map).png"
    ]
  },
  {
    "IdName": "World_DGN_Hawe_LostKeep",
    "Folder": "Affixes\\Sigils",
    "Images": [
      "lost keep (map).png"
    ]
  },
  {
    "IdName": "World_DGN_Scos_MarinersRefuge",
    "Folder": "Affixes\\Sigils",
    "Images": [
      "mariner\u00B4s refuge (map).png"
    ]
  },
  {
    "IdName": "World_DGN_Frac_MercysReach",
    "Folder": "Affixes\\Sigils",
    "Images": [
      "mercy\u00B4s reach (map).png"
    ]
  },
  {
    "IdName": "World_DGN_Frac_NostravaDeepwood",
    "Folder": "Affixes\\Sigils",
    "Images": [
      "nostrava deepwood (map).png"
    ]
  },
  {
    "IdName": "World_DGN_Step_PallidDelve",
    "Folder": "Affixes\\Sigils",
    "Images": [
      "pallid delve (map).png"
    ]
  },
  {
    "IdName": "World_DGN_Step_PathoftheBlind",
    "Folder": "Affixes\\Sigils",
    "Images": [
      "path of the blind (map).png"
    ]
  },
  {
    "IdName": "World_DGN_Scos_SaratsLair",
    "Folder": "Affixes\\Sigils",
    "Images": [
      "sarat\u00B4s lair (map).png"
    ]
  },
  {
    "IdName": "World_DGN_Step_ShiftingCity",
    "Folder": "Affixes\\Sigils",
    "Images": [
      "shifting city (map).png"
    ]
  },
  {
    "IdName": "World_DGN_Scos_Stockades",
    "Folder": "Affixes\\Sigils",
    "Images": [
      "stockades (map).png"
    ]
  },
  {
    "IdName": "World_DGN_Kehj_TomboftheSaints",
    "Folder": "Affixes\\Sigils",
    "Images": [
      "tomb of the saints (map).png"
    ]
  },
  {
    "IdName": "World_DGN_Scos_TwistedHollow",
    "Folder": "Affixes\\Sigils",
    "Images": [
      "twisted hollow (map).png"
    ]
  },
  {
    "IdName": "World_DGN_Kehj_UldursCave",
    "Folder": "Affixes\\Sigils",
    "Images": [
      "uldur\u00B4s cave (map).png"
    ]
  },
  {
    "IdName": "DungeonAffix_Positive_DamageReductionForMissingHealth",
    "Folder": "Affixes\\Sigils",
    "Images": [
      "battle hardened.png"
    ]
  },
  {
    "IdName": "DungeonAffix_Positive_StunCausesBurning",
    "Folder": "Affixes\\Sigils",
    "Images": [
      "control impaired explosions.png"
    ]
  },
  {
    "IdName": "DungeonAffix_Positive_FireDamage",
    "Folder": "Affixes\\Sigils",
    "Images": [
      "fire damage.png"
    ]
  },
  {
    "IdName": "DungeonAffix_Positive_FrostDamage",
    "Folder": "Affixes\\Sigils",
    "Images": [
      "frost damage.png"
    ]
  },
  {
    "IdName": "DungeonAffix_Positive_GoldFind",
    "Folder": "Affixes\\Sigils",
    "Images": [
      "gold find.png"
    ]
  },
  {
    "IdName": "DungeonAffix_Positive_IncreasedCritChance",
    "Folder": "Affixes\\Sigils",
    "Images": [
      "increased critical strike.png"
    ]
  },
  {
    "IdName": "DungeonAffix_Positive_IncreasedHealing",
    "Folder": "Affixes\\Sigils",
    "Images": [
      "increased healing.png"
    ]
  },
  {
    "IdName": "DungeonAffix_Positive_PeriodicLightning",
    "Folder": "Affixes\\Sigils",
    "Images": [
      "lightnig caller.png"
    ]
  },
  {
    "IdName": "DungeonAffix_Positive_EvadePushesEnemies",
    "Folder": "Affixes\\Sigils",
    "Images": [
      "nudging evade.png"
    ]
  },
  {
    "IdName": "DungeonAffix_Positive_PhysicalDamage",
    "Folder": "Affixes\\Sigils",
    "Images": [
      "physical damage.png"
    ]
  },
  {
    "IdName": "DungeonAffix_Positive_PoisonDamage",
    "Folder": "Affixes\\Sigils",
    "Images": [
      "poison damage.png"
    ]
  },
  {
    "IdName": "DungeonAffix_Positive_EvadeLeavesPoison",
    "Folder": "Affixes\\Sigils",
    "Images": [
      "poisonous evade.png"
    ]
  },
  {
    "IdName": "DungeonAffix_Positive_AttackMoveSpeedOnKill",
    "Folder": "Affixes\\Sigils",
    "Images": [
      "quick killer.png"
    ]
  },
  {
    "IdName": "DungeonAffix_Positive_CooldownReductionOnKill",
    "Folder": "Affixes\\Sigils",
    "Images": [
      "reduce cooldwon on kill.png"
    ]
  },
  {
    "IdName": "DungeonAffix_Positive_ShadowDamage",
    "Folder": "Affixes\\Sigils",
    "Images": [
      "shadow damage.png"
    ]
  },
  {
    "IdName": "DungeonAffix_Positive_Thorns",
    "Folder": "Affixes\\Sigils",
    "Images": [
      "thorns.png"
    ]
  },
  {
    "IdName": "DungeonAffix_Minor_Monster_SunderArmor",
    "Folder": "Affixes\\Sigils",
    "Images": [
      "armor breakers.png"
    ]
  },
  {
    "IdName": "DungeonAffix_Minor_Monster_BarrierKiller",
    "Folder": "Affixes\\Sigils",
    "Images": [
      "barrier breakers.png"
    ]
  },
  {
    "IdName": "DungeonAffix_Minor_Monster_ReduceDodge",
    "Folder": "Affixes\\Sigils",
    "Images": [
      "dodge breakers.png"
    ]
  },
  {
    "IdName": "DungeonAffix_Minor_Monster_LessMelee",
    "Folder": "Affixes\\Sigils",
    "Images": [
      "melee defenders.png"
    ]
  },
  {
    "IdName": "DungeonAffix_Minor_Monster_AttackFaster",
    "Folder": "Affixes\\Sigils",
    "Images": [
      "monster attack speed.png"
    ]
  },
  {
    "IdName": "DungeonAffix_Minor_Monster_Barrier",
    "Folder": "Affixes\\Sigils",
    "Images": [
      "monster barrier.png"
    ]
  },
  {
    "IdName": "DungeonAffix_Minor_Monster_LessBleeding",
    "Folder": "Affixes\\Sigils",
    "Images": [
      "monster bleed resist.png"
    ]
  },
  {
    "IdName": "DungeonAffix_Minor_Monster_ExtraBleeding",
    "Folder": "Affixes\\Sigils",
    "Images": [
      "monster bleeding damage.png"
    ]
  },
  {
    "IdName": "DungeonAffix_Minor_Monster_ExtraBurning",
    "Folder": "Affixes\\Sigils",
    "Images": [
      "monster burning damage.png"
    ]
  },
  {
    "IdName": "DungeonAffix_Minor_Monster_LessBurning",
    "Folder": "Affixes\\Sigils",
    "Images": [
      "monster burning resist.png"
    ]
  },
  {
    "IdName": "DungeonAffix_Minor_Monster_LessCold",
    "Folder": "Affixes\\Sigils",
    "Images": [
      "monster cold resist.png"
    ]
  },
  {
    "IdName": "DungeonAffix_Minor_Monster_AntiCrit",
    "Folder": "Affixes\\Sigils",
    "Images": [
      "monster critical resist.png"
    ]
  },
  {
    "IdName": "DungeonAffix_Minor_Monster_AntiCC",
    "Folder": "Affixes\\Sigils",
    "Images": [
      "monster crowd control resist.png"
    ]
  },
  {
    "IdName": "DungeonAffix_Minor_Monster_ExtraFire",
    "Folder": "Affixes\\Sigils",
    "Images": [
      "monster fire damage.png"
    ]
  },
  {
    "IdName": "DungeonAffix_Minor_Monster_LessFire",
    "Folder": "Affixes\\Sigils",
    "Images": [
      "monster fire resist.png"
    ]
  },
  {
    "IdName": "DungeonAffix_Minor_Monster_HPBonus",
    "Folder": "Affixes\\Sigils",
    "Images": [
      "monster life.png"
    ]
  },
  {
    "IdName": "DungeonAffix_Minor_Monster_LifeSteal",
    "Folder": "Affixes\\Sigils",
    "Images": [
      "monster life steal.png"
    ]
  },
  {
    "IdName": "DungeonAffix_Minor_Monster_ExtraLightning",
    "Folder": "Affixes\\Sigils",
    "Images": [
      "monster lightning damage.png"
    ]
  },
  {
    "IdName": "DungeonAffix_Minor_Monster_AntiOverpower",
    "Folder": "Affixes\\Sigils",
    "Images": [
      "monster overpower resist.png"
    ]
  },
  {
    "IdName": "DungeonAffix_Minor_Monster_LessPhysical",
    "Folder": "Affixes\\Sigils",
    "Images": [
      "monster physical resist.png"
    ]
  },
  {
    "IdName": "DungeonAffix_Minor_Monster_ExtraPoison",
    "Folder": "Affixes\\Sigils",
    "Images": [
      "monster poison damage.png"
    ]
  },
  {
    "IdName": "DungeonAffix_Minor_Monster_LessPoison",
    "Folder": "Affixes\\Sigils",
    "Images": [
      "monster poison resist.png"
    ]
  },
  {
    "IdName": "DungeonAffix_Minor_Monster_HPRegen",
    "Folder": "Affixes\\Sigils",
    "Images": [
      "monster regen.png"
    ]
  },
  {
    "IdName": "DungeonAffix_Minor_Monster_ExtraShadow",
    "Folder": "Affixes\\Sigils",
    "Images": [
      "monster shadow damage.png"
    ]
  },
  {
    "IdName": "DungeonAffix_Minor_Monster_ExtraCorruption",
    "Folder": "Affixes\\Sigils",
    "Images": [
      "monster shadow damage over time.png"
    ]
  },
  {
    "IdName": "DungeonAffix_Minor_Monster_LessShadow",
    "Folder": "Affixes\\Sigils",
    "Images": [
      "monster shadow resist.png"
    ]
  },
  {
    "IdName": "DungeonAffix_Minor_Monster_AntiVulnerable",
    "Folder": "Affixes\\Sigils",
    "Images": [
      "monster vulnerable resist.png"
    ]
  },
  {
    "IdName": "DungeonAffix_Minor_Monster_LessLightning",
    "Folder": "Affixes\\Sigils",
    "Images": [
      "monster lightning resist.png"
    ]
  },
  {
    "IdName": "DungeonAffix_Minor_Monster_DrainResource",
    "Folder": "Affixes\\Sigils",
    "Images": [
      "resource burn.png"
    ]
  },
  {
    "IdName": "DungeonAffix_Minor_Monster_ChanceSlow",
    "Folder": "Affixes\\Sigils",
    "Images": [
      "slowing projectiles.png"
    ]
  },
  {
    "IdName": "DungeonAffix_Minor_Monster_ReduceHealing",
    "Folder": "Affixes\\Sigils",
    "Images": [
      "potion breakers.png"
    ]
  },
  {
    "IdName": "DungeonAffix_Minor_Monster_LessRanged",
    "Folder": "Affixes\\Sigils",
    "Images": [
      "ranged defenders.png"
    ]
  },
  {
    "IdName": "DungeonAffix_Minor_Monster_ReduceResistance",
    "Folder": "Affixes\\Sigils",
    "Images": [
      "resistance breakers.png"
    ]
  },
  {
    "IdName": "DungeonAffix_Major_Avenger",
    "Folder": "Affixes\\Sigils",
    "Images": [
      "avenger.png"
    ]
  },
  {
    "IdName": "DungeonAffix_Major_Blood Blister",
    "Folder": "Affixes\\Sigils",
    "Images": [
      "blood blister.png"
    ]
  },
  {
    "IdName": "DungeonAffix_Major_DeathPulse",
    "Folder": "Affixes\\Sigils",
    "Images": [
      "death pulse.png"
    ]
  },
  {
    "IdName": "DungeonAffix_Major_Drifting Shade",
    "Folder": "Affixes\\Sigils",
    "Images": [
      "drifting shade.png"
    ]
  },
  {
    "IdName": "DungeonAffix_Major_Empowered Elites (Frost)",
    "Folder": "Affixes\\Sigils",
    "Images": [
      "empowered eilite cold enchanted.png"
    ]
  },
  {
    "IdName": "DungeonAffix_Major_Empowered Elites (Poison)",
    "Folder": "Affixes\\Sigils",
    "Images": [
      "empowered elite (poison enchanted).png"
    ]
  },
  {
    "IdName": "DungeonAffix_Major_Empowered Elites (Electric Lance)",
    "Folder": "Affixes\\Sigils",
    "Images": [
      "empowered eilite shock lance.png"
    ]
  },
  {
    "IdName": "DungeonAffix_Major_Empowered Elites (Suppressor)",
    "Folder": "Affixes\\Sigils",
    "Images": [
      "empowered elites suppressor.png"
    ]
  },
  {
    "IdName": "DungeonAffix_Major_Lightning Storm",
    "Folder": "Affixes\\Sigils",
    "Images": [
      "lightning storm.png"
    ]
  },
  {
    "IdName": "DungeonAffix_Major_Nightmare Portal",
    "Folder": "Affixes\\Sigils",
    "Images": [
      "nightmare portal.png"
    ]
  },
  {
    "IdName": "DungeonAffix_Major_StormbanesWrath",
    "Folder": "Affixes\\Sigils",
    "Images": [
      "stormbanes wrath.png"
    ]
  },
  {
    "IdName": "DungeonAffix_Major_Volcanic",
    "Folder": "Affixes\\Sigils",
    "Images": [
      "volcanic.png"
    ]
  },
  {
    "IdName": "DungeonAffix_Minor_Monster_Unstoppable",
    "Folder": "Affixes\\Sigils",
    "Images": [
      "unstoppable monsters.png"
    ]
  },
  {
    "IdName": "legendary_generic_016",
    "Folder": "Aspects\\Equipment",
    "Images": [
      "wind striker.png",
      "wind striker1.png"
    ]
  },
  {
    "IdName": "legendary_necro_012",
    "Folder": "Aspects\\Equipment",
    "Images": [
      "splintering.png",
      "splintering1.png"
    ]
  },
  {
    "IdName": "legendary_generic_011",
    "Folder": "Aspects\\Equipment",
    "Images": [
      "protector1.png",
      "protector.png"
    ]
  },
  {
    "IdName": "legendary_necro_101",
    "Folder": "Aspects\\Equipment",
    "Images": [
      "serration.png"
    ]
  },
  {
    "IdName": "legendary_generic_063",
    "Folder": "Aspects\\Equipment",
    "Images": [
      "edgemasters1.png"
    ]
  },
  {
    "IdName": "legendary_necro_116",
    "Folder": "Aspects\\Equipment",
    "Images": [
      "sacrificial.png"
    ]
  },
  {
    "IdName": "legendary_necro_103",
    "Folder": "Aspects\\Equipment",
    "Images": [
      "exposed flesh.png",
      "exposed flesh1.png"
    ]
  },
  {
    "IdName": "legendary_necro_066",
    "Folder": "Aspects\\Equipment",
    "Images": [
      "grasping veins.png",
      "grasping veins1.png"
    ]
  },
  {
    "IdName": "Lucky_Hit_Immobilize",
    "Folder": "Affixes\\Equipment",
    "Images": [
      "lucky hit up to.png",
      "immobilize.png"
    ]
  },
  {
    "IdName": "Damage_to_Immobilized",
    "Folder": "Affixes\\Equipment",
    "Images": [
      "damage to.png",
      "immobilize.png"
    ]
  },
  {
    "IdName": "Lucky_Crit_Immobilize",
    "Folder": "Affixes\\Equipment",
    "Images": [
      "lucky hit up to.png",
      "immobilize.png"
    ]
  },
  {
    "IdName": "legendary_druid_112",
    "Folder": "Aspects\\Equipment",
    "Images": [
      "mighty storm.png"
    ]
  },
  {
    "IdName": "legendary_necro_016",
    "Folder": "Aspects\\Equipment",
    "Images": [
      "plunging darkness.png"
    ]
  },
  {
    "IdName": "legendary_druid_029",
    "Folder": "Aspects\\Equipment",
    "Images": [
      "natural balance.png"
    ]
  },
  {
    "IdName": "legendary_barb_023",
    "Folder": "Aspects\\Equipment",
    "Images": [
      "death wish.png"
    ]
  },
  {
    "IdName": "legendary_barb_004",
    "Folder": "Aspects\\Equipment",
    "Images": [
      "weapon master.png"
    ]
  },
  {
    "IdName": "legendary_barb_003",
    "Folder": "Aspects\\Equipment",
    "Images": [
      "skullbreaker.png"
    ]
  },
  {
    "IdName": "legendary_druid_074",
    "Folder": "Aspects\\Equipment",
    "Images": [
      "shockwave.png"
    ]
  },
  {
    "IdName": "DungeonAffix_Positive_LightningDamage",
    "Folder": "Affixes\\Sigils",
    "Images": [
      "lightning damage.png"
    ]
  },
  {
    "IdName": "Resource_Cost_Reduction_Sorcerer",
    "Folder": "Affixes\\Equipment",
    "Images": [
      "mana cost reduction.png"
    ]
  },
  {
    "IdName": "SkillRankBonus_Sorc_Core_1",
    "Folder": "Affixes\\Equipment",
    "Images": [
      "ranks of fireball.png"
    ]
  },
  {
    "IdName": "SkillRankBonus_Sorc_Core_2",
    "Folder": "Affixes\\Equipment",
    "Images": [
      "rank of ice shard.png"
    ]
  },
  {
    "IdName": "PassiveRankBonus_Sorc_02_ConjurationMastery",
    "Folder": "Affixes\\Equipment",
    "Images": [
      "ranks of all conjuration skills.png"
    ]
  },
  {
    "IdName": "SkillRankBonus_Sorc_Category_Conjuration",
    "Folder": "Affixes\\Equipment",
    "Images": [
      "ranks of all conjuration skills.png"
    ]
  },
  {
    "IdName": "Damage_Type_DoT_Bonus_Burn",
    "Folder": "Affixes\\Equipment",
    "Images": [
      "fire damage over time.png"
    ]
  },
  {
    "IdName": "SkillRankBonus_Sorc_Core_4",
    "Folder": "Affixes\\Equipment",
    "Images": [
      "ranks of charged bolts.png"
    ]
  },
  {
    "IdName": "Damage_Type_Bonus_Fire",
    "Folder": "Affixes\\Equipment",
    "Images": [
      "fire damage.png"
    ]
  },
  {
    "IdName": "SkillRankBonus_Sorc_Special_Teleport",
    "Folder": "Affixes\\Equipment",
    "Images": [
      "rank of teleport.png"
    ]
  },
  {
    "IdName": "SkillRankBonus_Sorc_Special_IceArmor",
    "Folder": "Affixes\\Equipment",
    "Images": [
      "ranks of ice armor.png"
    ]
  },
  {
    "IdName": "SkillRankBonus_Sorc_Special_FlameShield",
    "Folder": "Affixes\\Equipment",
    "Images": [
      "ranks of flame shield.png"
    ]
  },
  {
    "IdName": "SkillRankBonus_Generic_Category_Defensive",
    "Folder": "Affixes\\Equipment",
    "Images": [
      "ranks of all defenvie skills.png"
    ]
  },
  {
    "IdName": "SkillRankBonus_Sorc_Special_LightningSpear",
    "Folder": "Affixes\\Equipment",
    "Images": [
      "ranks of lightnig spear.png"
    ]
  },
  {
    "IdName": "legendary_sorc_117",
    "Folder": "Aspects\\Equipment",
    "Images": [
      "overwhelming currents.png"
    ]
  },
  {
    "IdName": "legendary_sorc_111",
    "Folder": "Aspects\\Equipment",
    "Images": [
      "encased.png"
    ]
  },
  {
    "IdName": "legendary_sorc_012",
    "Folder": "Aspects\\Equipment",
    "Images": [
      "static cling.png"
    ]
  },
  {
    "IdName": "SkillRankBonus_Sorc_Special_Hydra",
    "Folder": "Affixes\\Equipment",
    "Images": [
      "ranks of hydra.png"
    ]
  },
  {
    "IdName": "legendary_sorc_027",
    "Folder": "Aspects\\Equipment",
    "Images": [
      "charged.png"
    ]
  },
  {
    "IdName": "SkillRankBonus_Sorc_Special_Meteor",
    "Folder": "Affixes\\Equipment",
    "Images": [
      "ranks of meteor.png"
    ]
  },
  {
    "IdName": "SkillRankBonus_Sorc_Core_3",
    "Folder": "Affixes\\Equipment",
    "Images": [
      "ranks of chain lightning.png"
    ]
  },
  {
    "IdName": "legendary_sorc_043",
    "Folder": "Aspects\\Equipment",
    "Images": [
      "armageddon.png"
    ]
  },
  {
    "IdName": "Damage_Tag_Pyromancy",
    "Folder": "Affixes\\Equipment",
    "Images": [
      "pyromancy skill damage.png"
    ]
  },
  {
    "IdName": "SkillRankBonus_Sorc_Core_6",
    "Folder": "Affixes\\Equipment",
    "Images": [
      "ranks of frozen orb.png"
    ]
  },
  {
    "IdName": "SkillRankBonus_Sorc_Special_IceBlades",
    "Folder": "Affixes\\Equipment",
    "Images": [
      "ranks of ice blades.png"
    ]
  },
  {
    "IdName": "SkillRankBonus_Sorc_Special_Blizzard",
    "Folder": "Affixes\\Equipment",
    "Images": [
      "ranks of blizzard.png"
    ]
  },
  {
    "IdName": "SkillRankBonus_Necro_Core_2",
    "Folder": "Affixes\\Equipment",
    "Images": [
      "ranks of blight.png"
    ]
  },
  {
    "IdName": "SkillRankBonus_Sorc_Core_5",
    "Folder": "Affixes\\Equipment",
    "Images": [
      "ranks of incinerate.png"
    ]
  },
  {
    "IdName": "legendary_sorc_136",
    "Folder": "Aspects\\Equipment",
    "Images": [
      "searing wards.png",
      "searing wards1.png"
    ]
  },
  {
    "IdName": "legendary_sorc_123",
    "Folder": "Aspects\\Equipment",
    "Images": [
      "bounding conduit.png",
      "bounding conduit1.png"
    ]
  },
  {
    "IdName": "Damage_Tag_Shock",
    "Folder": "Affixes\\Equipment",
    "Images": [
      "shock skill damage.png"
    ]
  },
  {
    "IdName": "SkillRankBonus_Barb_Special_ChallengingShout",
    "Folder": "Affixes\\Equipment",
    "Images": [
      "rank of challenging shout.png"
    ]
  },
  {
    "IdName": "SkillRankBonus_Rogue_Special_Caltrops",
    "Folder": "Affixes\\Equipment",
    "Images": [
      "ranks of caltrops.png"
    ]
  },
  {
    "IdName": "PassiveRankBonus_Rogue_Discipline_T3_N2_Impetus",
    "Folder": "Affixes\\Equipment",
    "Images": [
      "ranks of the impetus.png"
    ]
  },
  {
    "IdName": "Damage_Tag_Trap",
    "Folder": "Affixes\\Equipment",
    "Images": [
      "trap skill.png",
      "damage.png"
    ]
  },
  {
    "IdName": "legendary_sorc_112",
    "Folder": "Aspects\\Equipment",
    "Images": [
      "fortune.png",
      "fortune1.png"
    ]
  },
  {
    "IdName": "legendary_sorc_105",
    "Folder": "Aspects\\Equipment",
    "Images": [
      "flamewalker.png"
    ]
  },
  {
    "IdName": "legendary_sorc_102",
    "Folder": "Aspects\\Equipment",
    "Images": [
      "engulfing flames.png",
      "engulfing flames1.png"
    ]
  },
  {
    "IdName": "legendary_sorc_100",
    "Folder": "Aspects\\Equipment",
    "Images": [
      "conflagration.png",
      "conflagration1.png"
    ]
  },
  {
    "IdName": "legendary_sorc_115",
    "Folder": "Aspects\\Equipment",
    "Images": [
      "storm swell.png",
      "storm swell1.png"
    ]
  },
  {
    "IdName": "Resource_Cost_Reduction_Necromancer",
    "Folder": "Affixes\\Equipment",
    "Images": [
      "essence cost reduction.png"
    ]
  },
  {
    "IdName": "PetHealth_Necro",
    "Folder": "Affixes\\Equipment",
    "Images": [
      "maximum minion life.png"
    ]
  },
  {
    "IdName": "legendary_barb_017",
    "Folder": "Aspects\\Equipment",
    "Images": [
      "numbing wrath.png"
    ]
  },
  {
    "IdName": "legendary_druid_071",
    "Folder": "Aspects\\Equipment",
    "Images": [
      "retaliation.png"
    ]
  },
  {
    "IdName": "legendary_druid_066",
    "Folder": "Aspects\\Equipment",
    "Images": [
      "ursine horror.png"
    ]
  },
  {
    "IdName": "legendary_barb_107",
    "Folder": "Aspects\\Equipment",
    "Images": [
      "bear clan.png"
    ]
  },
  {
    "IdName": "legendary_necro_029",
    "Folder": "Aspects\\Equipment",
    "Images": [
      "hungry blood.png"
    ]
  },
  {
    "IdName": "legendary_druid_077",
    "Folder": "Aspects\\Equipment",
    "Images": [
      "nighthowlers.png"
    ]
  },
  {
    "IdName": "legendary_sorc_110",
    "Folder": "Aspects\\Equipment",
    "Images": [
      "piercing cold.png"
    ]
  },
  {
    "IdName": "legendary_druid_110",
    "Folder": "Aspects\\Equipment",
    "Images": [
      "stormchaser.png"
    ]
  },
  {
    "IdName": "legendary_barb_011",
    "Folder": "Aspects\\Equipment",
    "Images": [
      "relentless beserker.png"
    ]
  },
  {
    "IdName": "legendary_necro_053",
    "Folder": "Aspects\\Equipment",
    "Images": [
      "unyielding commander\u00B4s.png",
      "unyielding commander\u00B4s1.png"
    ]
  },
  {
    "IdName": "legendary_sorc_109",
    "Folder": "Aspects\\Equipment",
    "Images": [
      "the frozen wake.png"
    ]
  },
  {
    "IdName": "legendary_sorc_113",
    "Folder": "Aspects\\Equipment",
    "Images": [
      "biting cold.png",
      "biting cold1.png"
    ]
  },
  {
    "IdName": "legendary_sorc_124",
    "Folder": "Aspects\\Equipment",
    "Images": [
      "stable.png"
    ]
  },
  {
    "IdName": "legendary_sorc_008",
    "Folder": "Aspects\\Equipment",
    "Images": [
      "three curses.png",
      "three curses1.png"
    ]
  },
  {
    "IdName": "SkillRankBonus_Sorc_Special_Firewall",
    "Folder": "Affixes\\Equipment",
    "Images": [
      "ranks of firewall.png"
    ]
  },
  {
    "IdName": "Damage_Tag_Frost",
    "Folder": "Affixes\\Equipment",
    "Images": [
      "frost skill damage.png"
    ]
  },
  {
    "IdName": "legendary_sorc_035",
    "Folder": "Aspects\\Equipment",
    "Images": [
      "frozen orbit.png"
    ]
  },
  {
    "IdName": "CC_Duration_Reduction_Slow",
    "Folder": "Affixes\\Equipment",
    "Images": [
      "slow duration reduction.png"
    ]
  },
  {
    "IdName": "Damage_CracklingEnergy",
    "Folder": "Affixes\\Equipment",
    "Images": [
      "crackling energy damage.png"
    ]
  },
  {
    "IdName": "SkillRankBonus_Druid_Special_VineCreeper",
    "Folder": "Affixes\\Equipment",
    "Images": [
      "rank of poison creeper.png"
    ]
  },
  {
    "IdName": "Damage_Tag_Bone",
    "Folder": "Affixes\\Equipment",
    "Images": [
      "bone skills.png"
    ]
  },
  {
    "IdName": "SkillRankBonus_Necro_Core_1",
    "Folder": "Affixes\\Equipment",
    "Images": [
      "ranks of bone spear.png"
    ]
  },
  {
    "IdName": "SkillRankBonus_Necro_Special_BoneSpirit",
    "Folder": "Affixes\\Equipment",
    "Images": [
      "ranks of bone spirit.png"
    ]
  },
  {
    "IdName": "Resource_MaxEssence",
    "Folder": "Affixes\\Equipment",
    "Images": [
      "maximum essence.png"
    ]
  },
  {
    "IdName": "legendary_sorc_116",
    "Folder": "Aspects\\Equipment",
    "Images": [
      "frozen tundra.png"
    ]
  },
  {
    "IdName": "legendary_sorc_119",
    "Folder": "Aspects\\Equipment",
    "Images": [
      "gravitational.png"
    ]
  },
  {
    "IdName": "Legendary_Sorc_133",
    "Folder": "Aspects\\Equipment",
    "Images": [
      "frozen memories.png"
    ]
  },
  {
    "IdName": "DamageReduction_Burning",
    "Folder": "Affixes\\Equipment",
    "Images": [
      "damage reduction from.png",
      "burning enemies.png"
    ]
  },
  {
    "IdName": "SkillRankBonus_Sorc_Special_BallLightning",
    "Folder": "Affixes\\Equipment",
    "Images": [
      "ranks of ball lightning.png"
    ]
  },
  {
    "IdName": "legendary_sorc_106",
    "Folder": "Aspects\\Equipment",
    "Images": [
      "shattered stars.png",
      "shattered stars1.png"
    ]
  },
  {
    "IdName": "legendary_sorc_127",
    "Folder": "Aspects\\Equipment",
    "Images": [
      "elementalist.png"
    ]
  },
  {
    "IdName": "SkillRankBonus_Sorc_Category_Mastery",
    "Folder": "Affixes\\Equipment",
    "Images": [
      "ranks of all mastery skills.png"
    ]
  },
  {
    "IdName": "SkillRankBonus_Necro_Category_Macabre",
    "Folder": "Affixes\\Equipment",
    "Images": [
      "ranks of all macabre skills.png"
    ]
  },
  {
    "IdName": "legendary_sorc_004",
    "Folder": "Aspects\\Equipment",
    "Images": [
      "binding embers.png"
    ]
  },
  {
    "IdName": "Damage_Category_SorcMastery",
    "Folder": "Affixes\\Equipment",
    "Images": [
      "mastery skill damage.png"
    ]
  },
  {
    "IdName": "Damage_Tag_WeaponMastery",
    "Folder": "Affixes\\Equipment",
    "Images": [
      "weapon mastery skill damage.png"
    ]
  },
  {
    "IdName": "legendary_sorc_101",
    "Folder": "Aspects\\Equipment",
    "Images": [
      "ancient flame.png"
    ]
  },
  {
    "IdName": "legendary_sorc_122",
    "Folder": "Aspects\\Equipment",
    "Images": [
      "unbroken tether.png"
    ]
  },
  {
    "IdName": "legendary_sorc_118",
    "Folder": "Aspects\\Equipment",
    "Images": [
      "recharging.png"
    ]
  },
  {
    "IdName": "PassiveRankBonus_Sorc_Lightning_T2_N1_ShockingImpact",
    "Folder": "Affixes\\Equipment",
    "Images": [
      "ranks of the shocking impact.png"
    ]
  },
  {
    "IdName": "PassiveRankBonus_Sorc_Elemental_T2_N3_ElementalDominance",
    "Folder": "Affixes\\Equipment",
    "Images": [
      "ranks of elemental dominance.png"
    ]
  },
  {
    "IdName": "Legendary_Sorc_134",
    "Folder": "Aspects\\Equipment",
    "Images": [
      "abundant energy.png"
    ]
  },
  {
    "IdName": "PassiveRankBonus_Sorc_Fire_T1_N2_InnerFlames",
    "Folder": "Affixes\\Equipment",
    "Images": [
      "ranks of the inner flames.png"
    ]
  },
  {
    "IdName": "PassiveRankBonus_Sorc_01_Hoarfrost",
    "Folder": "Affixes\\Equipment",
    "Images": [
      "ranks of the hoarfrost.png"
    ]
  },
  {
    "IdName": "legendary_generic_006",
    "Folder": "Aspects\\Equipment",
    "Images": [
      "starlight.png",
      "starlight1.png"
    ]
  },
  {
    "IdName": "legendary_sorc_132",
    "Folder": "Aspects\\Equipment",
    "Images": [
      "efficiency.png"
    ]
  },
  {
    "IdName": "Damage_Tag_Conjuration",
    "Folder": "Affixes\\Equipment",
    "Images": [
      "conjuration skill damage.png"
    ]
  },
  {
    "IdName": "legendary_sorc_126",
    "Folder": "Aspects\\Equipment",
    "Images": [
      "unwavering.png"
    ]
  },
  {
    "IdName": "legendary_sorc_006",
    "Folder": "Aspects\\Equipment",
    "Images": [
      "snowguart\u00B4s.png",
      "snowguart\u00B4s1.png"
    ]
  },
  {
    "IdName": "legendary_sorc_131",
    "Folder": "Aspects\\Equipment",
    "Images": [
      "everliving.png",
      "everliving1.png"
    ]
  },
  {
    "IdName": "legendary_sorc_039",
    "Folder": "Aspects\\Equipment",
    "Images": [
      "serpentine.png"
    ]
  },
  {
    "IdName": "legendary_sorc_120",
    "Folder": "Aspects\\Equipment",
    "Images": [
      "mage lord\u00B4s.png"
    ]
  },
  {
    "IdName": "legendary_sorc_108",
    "Folder": "Aspects\\Equipment",
    "Images": [
      "snowveiled1.png"
    ]
  },
  {
    "IdName": "legendary_sorc_104",
    "Folder": "Aspects\\Equipment",
    "Images": [
      "singed extremities.png"
    ]
  },
  {
    "IdName": "PassiveRankBonus_Sorc_Fire_T2_N3_DevouringFlames",
    "Folder": "Affixes\\Equipment",
    "Images": [
      "ranks devouring blaze.png"
    ]
  },
  {
    "IdName": "legendary_sorc_125",
    "Folder": "Aspects\\Equipment",
    "Images": [
      "prodigy\u00B4s.png"
    ]
  },
  {
    "IdName": "PassiveRankBonus_Sorc_Elemental_T2_N1_GlassCannon",
    "Folder": "Affixes\\Equipment",
    "Images": [
      "ranks of glass cannon.png"
    ]
  },
  {
    "IdName": "Legendary_Sorc_135",
    "Folder": "Aspects\\Equipment",
    "Images": [
      "shattered.png"
    ]
  },
  {
    "IdName": "Evade_Dodge",
    "Folder": "Affixes\\Equipment",
    "Images": [
      "evade grants.png",
      "movement speed.png"
    ]
  },
  {
    "IdName": "PassiveRankBonus_Barb_Warlord_T1_N2_ToughAsNails",
    "Folder": "Affixes\\Equipment",
    "Images": [
      "rank tough as nails.png"
    ]
  },
  {
    "IdName": "SkillRankBonus_Barb_Category_WeaponMastery",
    "Folder": "Affixes\\Equipment",
    "Images": [
      "ranks of all weapon mastery skills.png"
    ]
  },
  {
    "IdName": "PassiveRankBonus_Rogue_Discipline_T2_N1_WeaponMastery",
    "Folder": "Affixes\\Equipment",
    "Images": [
      "ranks of the weapon mastery.png"
    ]
  },
  {
    "IdName": "PassiveRankBonus_Sorc_Fire_T2_N2_EndlessPyre",
    "Folder": "Affixes\\Equipment",
    "Images": [
      "ranks of endless prye.png"
    ]
  },
  {
    "IdName": "PassiveRankBonus_Sorc_Cold_T2_N3_IcyTouch",
    "Folder": "Affixes\\Equipment",
    "Images": [
      "ranks of icy touch.png"
    ]
  },
  {
    "IdName": "legendary_necro_106",
    "Folder": "Aspects\\Equipment",
    "Images": [
      "damned.png"
    ]
  },
  {
    "IdName": "legendary_necro_110",
    "Folder": "Aspects\\Equipment",
    "Images": [
      "fastblood.png"
    ]
  },
  {
    "IdName": "Legendary_Necro_121",
    "Folder": "Aspects\\Equipment",
    "Images": [
      "ultimate shadow.png"
    ]
  },
  {
    "IdName": "legendary_necro_032",
    "Folder": "Aspects\\Equipment",
    "Images": [
      "blood-soaked.png"
    ]
  },
  {
    "IdName": "Legendary_Necro_122",
    "Folder": "Aspects\\Equipment",
    "Images": [
      "explosive mist.png"
    ]
  },
  {
    "IdName": "legendary_barb_104",
    "Folder": "Aspects\\Equipment",
    "Images": [
      "earthstriker\u0027s aspect 1.png",
      "earthstriker\u0027s aspect 2.png"
    ]
  },
  {
    "IdName": "legendary_necro_107",
    "Folder": "Aspects\\Equipment",
    "Images": [
      "decay.png"
    ]
  },
  {
    "IdName": "Elite_Kill_Movement_Speed",
    "Folder": "Affixes\\Equipment",
    "Images": [
      "movement speed.png",
      "after killing elite.png"
    ]
  },
  {
    "IdName": "legendary_necro_120",
    "Folder": "Aspects\\Equipment",
    "Images": [
      "embalmer.png"
    ]
  },
  {
    "IdName": "Damage_to_Shadow_DoT",
    "Folder": "Affixes\\Equipment",
    "Images": [
      "damage to shadow damage over time.png"
    ]
  },
  {
    "IdName": "SkillRankBonus_Necro_Category_Curse",
    "Folder": "Affixes\\Equipment",
    "Images": [
      "ranks of all curse skills.png"
    ]
  },
  {
    "IdName": "legendary_necro_109",
    "Folder": "Aspects\\Equipment",
    "Images": [
      "tidal.png"
    ]
  },
  {
    "IdName": "legendary_necro_020",
    "Folder": "Aspects\\Equipment",
    "Images": [
      "rotting.png"
    ]
  },
  {
    "IdName": "Damage_Tag_Darkness",
    "Folder": "Affixes\\Equipment",
    "Images": [
      "darkness skill damage.png"
    ]
  },
  {
    "IdName": "PassiveRankBonus_Necro_Summoning_T3_N1_AmplifyDamage",
    "Folder": "Affixes\\Equipment",
    "Images": [
      "ranks of amplify damage.png"
    ]
  },
  {
    "IdName": "PassiveRankBonus_Necro_Caster_T3_N2_CompoundFracture",
    "Folder": "Affixes\\Equipment",
    "Images": [
      "ranks of compound fracture.png"
    ]
  },
  {
    "IdName": "PassiveRankBonus_Necro_05_DeathsReach",
    "Folder": "Affixes\\Equipment",
    "Images": [
      "ranks of death\u0027s reach.png"
    ]
  },
  {
    "IdName": "PassiveRankBonus_Necro_Summoning_T3_N2_FueledByDeath",
    "Folder": "Affixes\\Equipment",
    "Images": [
      "ranks of fueled by death.png"
    ]
  },
  {
    "IdName": "PassiveRankBonus_Necro_01_Gloom",
    "Folder": "Affixes\\Equipment",
    "Images": [
      "ranks of gloom.png"
    ]
  },
  {
    "IdName": "PassiveRankBonus_Necro_Caster_T3_N1_ImperfectlyBalanced",
    "Folder": "Affixes\\Equipment",
    "Images": [
      "ranks of imperfectly balanced.png"
    ]
  },
  {
    "IdName": "DamageReduction_ShadowDoT",
    "Folder": "Affixes\\Equipment",
    "Images": [
      "damage reduction.png",
      "shadow damage.png"
    ]
  },
  {
    "IdName": "legendary_necro_124",
    "Folder": "Aspects\\Equipment",
    "Images": [
      "long shadow.png"
    ]
  },
  {
    "IdName": "Damage_Tag_Blood",
    "Folder": "Affixes\\Equipment",
    "Images": [
      "blood skill damage.png"
    ]
  },
  {
    "IdName": "SkillRankBonus_Necro_Core_6",
    "Folder": "Affixes\\Equipment",
    "Images": [
      "ranks of blood lance.png"
    ]
  },
  {
    "IdName": "SkillRankBonus_Necro_Special_BloodMist",
    "Folder": "Affixes\\Equipment",
    "Images": [
      "ranks of blood mist.png"
    ]
  },
  {
    "IdName": "SkillRankBonus_Necro_Core_5",
    "Folder": "Affixes\\Equipment",
    "Images": [
      "ranks of blood surge.png"
    ]
  },
  {
    "IdName": "BloodOrb_Healing",
    "Folder": "Affixes\\Equipment",
    "Images": [
      "blood orb healing.png"
    ]
  },
  {
    "IdName": "PassiveRankBonus_Necro_Playstyle_T1_N2_TidesofBlood",
    "Folder": "Affixes\\Equipment",
    "Images": [
      "ranks of the tides of blood.png"
    ]
  },
  {
    "IdName": "Damage_Type_DoT_Bonus_Shadow",
    "Folder": "Affixes\\Equipment",
    "Images": [
      "shadow damage over time.png"
    ]
  },
  {
    "IdName": "SkillRankBonus_Necro_Category_Corpse",
    "Folder": "Affixes\\Equipment",
    "Images": [
      "ranks of corpse skills.png"
    ]
  },
  {
    "IdName": "SkillRankBonus_Necro_Special_CorpseExplosion",
    "Folder": "Affixes\\Equipment",
    "Images": [
      "rank of corpse explosion.png"
    ]
  },
  {
    "IdName": "SkillRankBonus_Necro_Special_CorpseTendrils",
    "Folder": "Affixes\\Equipment",
    "Images": [
      "ranks of corpese tendrils.png"
    ]
  },
  {
    "IdName": "Luck_Shadow",
    "Folder": "Affixes\\Equipment",
    "Images": [
      "lucky hit chance.png",
      "shadow.png"
    ]
  },
  {
    "IdName": "PassiveRankBonus_Barb_03_Counteroffensive",
    "Folder": "Affixes\\Equipment",
    "Images": [
      "ranks of the counteroffensive passive.png"
    ]
  },
  {
    "IdName": "SkillRankBonus_Barb_Special_Leap",
    "Folder": "Affixes\\Equipment",
    "Images": [
      "ranks of leap.png"
    ]
  },
  {
    "IdName": "legendary_barb_018",
    "Folder": "Aspects\\Equipment",
    "Images": [
      "brawler\u0027s 1.png",
      "brawler\u0027s 2.png"
    ]
  },
  {
    "IdName": "legendary_generic_115",
    "Folder": "Aspects\\Equipment",
    "Images": [
      "aspect of slaughter 1.png",
      "aspect of slaughter 2.png",
      "aspect of slaughter 3.png"
    ]
  },
  {
    "IdName": "Evade_Attack_Reset",
    "Folder": "Affixes\\Equipment",
    "Images": [
      "attacks reduce evade\u0027s cooldown.png"
    ]
  },
  {
    "IdName": "PassiveRankBonus_Necro_Summoning_T1_N2_Evulsion",
    "Folder": "Affixes\\Equipment",
    "Images": [
      "ranks of evulsion.png"
    ]
  },
  {
    "IdName": "SkillRankBonus_Barb_Special_Charge",
    "Folder": "Affixes\\Equipment",
    "Images": [
      "rank of charge.png"
    ]
  },
  {
    "IdName": "PassiveRankBonus_Barb_10_Wallop",
    "Folder": "Affixes\\Equipment",
    "Images": [
      "ranks of wallop passive.png"
    ]
  },
  {
    "IdName": "SkillRankBonus_Barb_Category_Brawling",
    "Folder": "Affixes\\Equipment",
    "Images": [
      "ranks of brawling skills.png"
    ]
  }
]