[
  {
    "IdName": "CD_Reduction",
    "Folder": "Affixes\\Equipment",
    "Images": [
      "cooldown reduction.png"
    ]
  },
  {
    "IdName": "Life",
    "Folder": "Affixes\\Equipment",
    "Images": [
      "maximum.png",
      "life.png"
    ]
  },
  {
    "IdName": "Life_On_Kill",
    "Folder": "Affixes\\Equipment",
    "Images": [
      "life on kill.png"
    ]
  },
  {
    "IdName": "PotionBarrier",
    "Folder": "Affixes\\Equipment",
    "Images": [
      "while injured.png",
      "as barrier.png"
    ]
  },
  {
    "IdName": "DamageReductionClose",
    "Folder": "Affixes\\Equipment",
    "Images": [
      "damage reduction from close.png"
    ]
  },
  {
    "IdName": "DamageReduction",
    "Folder": "Affixes\\Equipment",
    "Images": [
      "damage reduction.png"
    ]
  },
  {
    "IdName": "Armor",
    "Folder": "Affixes\\Equipment",
    "Images": [
      "total armor.png"
    ]
  },
  {
    "IdName": "AttackSpeed",
    "Folder": "Affixes\\Equipment",
    "Images": [
      "attack speed.png"
    ]
  },
  {
    "IdName": "Lucky_Hit_Resource",
    "Folder": "Affixes\\Equipment",
    "Images": [
      "lucky restore1.png",
      "primary resource2.png"
    ]
  },
  {
    "IdName": "SkillRankBonus_Rogue_Category_Imbuements",
    "Folder": "Affixes\\Equipment",
    "Images": [
      "ranks of all imbuement skills.png"
    ]
  },
  {
    "IdName": "PassiveRankBonus_Rogue_Cunning_T2_N2_DeadlyVenom",
    "Folder": "Affixes\\Equipment",
    "Images": [
      "ranks of deadly venom.png"
    ]
  },
  {
    "IdName": "Damage_Type_Bonus_Physical",
    "Folder": "Affixes\\Equipment",
    "Images": [
      "physical damage.png"
    ]
  },
  {
    "IdName": "PassiveRankBonus_Rogue_Cunning_T4_N1_FrigidFinesse",
    "Folder": "Affixes\\Equipment",
    "Images": [
      "ranks of the frigid finesse.png"
    ]
  },
  {
    "IdName": "SkillRankBonus_Rogue_Special2_PoisonImbue",
    "Folder": "Affixes\\Equipment",
    "Images": [
      "ranks of poison imbuement.png"
    ]
  },
  {
    "IdName": "DamageReduction_Poisoned",
    "Folder": "Affixes\\Equipment",
    "Images": [
      "damage reduction from.png",
      "that are poisoned.png"
    ]
  },
  {
    "IdName": "Damage_Type_Bonus_Cold",
    "Folder": "Affixes\\Equipment",
    "Images": [
      "cold damage.png"
    ]
  },
  {
    "IdName": "PassiveRankBonus_Rogue_Discipline_T2_N1_WeaponMastery",
    "Folder": "Affixes\\Equipment",
    "Images": [
      "rank of all weapon mastery skills.png"
    ]
  },
  {
    "IdName": "Damage_to_Far",
    "Folder": "Affixes\\Equipment",
    "Images": [
      "damage to distant enemies.png"
    ]
  },
  {
    "IdName": "SkillRankBonus_Rogue_Core_4",
    "Folder": "Affixes\\Equipment",
    "Images": [
      "ranks of twisting blades.png"
    ]
  },
  {
    "IdName": "Movement_Speed",
    "Folder": "Affixes\\Equipment",
    "Images": [
      "movement speed.png"
    ]
  },
  {
    "IdName": "Evade_Charges_Random",
    "Folder": "Affixes\\Equipment",
    "Images": [
      "max evade charges.png"
    ]
  },
  {
    "IdName": "Evade_Charges",
    "Folder": "Affixes\\Equipment",
    "Images": [
      "max evade charges.png"
    ]
  },
  {
    "IdName": "Resistance_Single_Frost",
    "Folder": "Affixes\\Equipment",
    "Images": [
      "cold resistance.png"
    ]
  },
  {
    "IdName": "Resistance_Single_Lightning",
    "Folder": "Affixes\\Equipment",
    "Images": [
      "lightning resistance.png"
    ]
  },
  {
    "IdName": "Resistance_Single_Fire",
    "Folder": "Affixes\\Equipment",
    "Images": [
      "fire resistance.png"
    ]
  },
  {
    "IdName": "Resistance_Single_Poison",
    "Folder": "Affixes\\Equipment",
    "Images": [
      "poison resistance.png"
    ]
  },
  {
    "IdName": "CritChance",
    "Folder": "Affixes\\Equipment",
    "Images": [
      "critical strike chance.png"
    ]
  },
  {
    "IdName": "OverpowerDamage",
    "Folder": "Affixes\\Equipment",
    "Images": [
      "overpower damage.png"
    ]
  },
  {
    "IdName": "Resistance_Single_Shadow",
    "Folder": "Affixes\\Equipment",
    "Images": [
      "shadow resistance.png"
    ]
  },
  {
    "IdName": "Damage_to_Vulnerable",
    "Folder": "Affixes\\Equipment",
    "Images": [
      "vulnerable damage.png"
    ]
  },
  {
    "IdName": "Damage_to_LowLife",
    "Folder": "Affixes\\Equipment",
    "Images": [
      "damage to injured enemies.png"
    ]
  },
  {
    "IdName": "Damage_Weapon_DualWield",
    "Folder": "Affixes\\Equipment",
    "Images": [
      "damage with dual-wielded weapons.png"
    ]
  },
  {
    "IdName": "Damage_Category_Spenders",
    "Folder": "Affixes\\Equipment",
    "Images": [
      "core skill damage.png"
    ]
  },
  {
    "IdName": "Damage_to_Near",
    "Folder": "Affixes\\Equipment",
    "Images": [
      "damage to close enemies.png"
    ]
  },
  {
    "IdName": "CoreStat_Strength",
    "Folder": "Affixes\\Equipment",
    "Images": [
      "strength.png"
    ]
  },
  {
    "IdName": "CoreStats_All",
    "Folder": "Affixes\\Equipment",
    "Images": [
      "all stats.png"
    ]
  },
  {
    "IdName": "CoreStat_DexterityPercent",
    "Folder": "Affixes\\Equipment",
    "Images": [
      "dexterity.png"
    ]
  },
  {
    "IdName": "CoreStat_Dexterity",
    "Folder": "Affixes\\Equipment",
    "Images": [
      "dexterity.png"
    ]
  },
  {
    "IdName": "CritDamage",
    "Folder": "Affixes\\Equipment",
    "Images": [
      "critical strike damage.png"
    ]
  },
  {
    "IdName": "Damage_to_Slowed",
    "Folder": "Affixes\\Equipment",
    "Images": [
      "damage to slowed enemies.png"
    ]
  },
  {
    "IdName": "LifeRegen",
    "Folder": "Affixes\\Equipment",
    "Images": [
      "life regeneration while not.png"
    ]
  },
  {
    "IdName": "Thorns",
    "Folder": "Affixes\\Equipment",
    "Images": [
      "thorns.png"
    ]
  },
  {
    "IdName": "CoreStat_Willpower",
    "Folder": "Affixes\\Equipment",
    "Images": [
      "willpower.png"
    ]
  },
  {
    "IdName": "CoreStat_Intelligence",
    "Folder": "Affixes\\Equipment",
    "Images": [
      "intelligence.png"
    ]
  },
  {
    "IdName": "CoreStat_WillpowerPercent",
    "Folder": "Affixes\\Equipment",
    "Images": [
      "willpower.png"
    ]
  },
  {
    "IdName": "CoreStat_IntelligencePercent",
    "Folder": "Affixes\\Equipment",
    "Images": [
      "intelligence.png"
    ]
  },
  {
    "IdName": "Damage_Category_Ultimate",
    "Folder": "Affixes\\Equipment",
    "Images": [
      "ultimate skill damage.png"
    ]
  },
  {
    "IdName": "Barrier_Strength_Percent",
    "Folder": "Affixes\\Equipment",
    "Images": [
      "barrier generation.png"
    ]
  },
  {
    "IdName": "ShrineDuration",
    "Folder": "Affixes\\Equipment",
    "Images": [
      "shrine buff duration.png"
    ]
  },
  {
    "IdName": "AttackSpeed_Basics",
    "Folder": "Affixes\\Equipment",
    "Images": [
      "basic skill attack speed.png"
    ]
  },
  {
    "IdName": "LifePercent",
    "Folder": "Affixes\\Equipment",
    "Images": [
      "maximum.png",
      "life.png"
    ]
  },
  {
    "IdName": "ResourceGain",
    "Folder": "Affixes\\Equipment",
    "Images": [
      "resource generation.png"
    ]
  },
  {
    "IdName": "Resistance_All",
    "Folder": "Affixes\\Equipment",
    "Images": [
      "resistance to all elements.png"
    ]
  },
  {
    "IdName": "Luck",
    "Folder": "Affixes\\Equipment",
    "Images": [
      "lucky hit chance.png"
    ]
  },
  {
    "IdName": "Dodge",
    "Folder": "Affixes\\Equipment",
    "Images": [
      "dodge chance.png"
    ]
  },
  {
    "IdName": "CoreStat_StrengthPercent",
    "Folder": "Affixes\\Equipment",
    "Images": [
      "strength.png"
    ]
  },
  {
    "IdName": "PassiveRankBonus_Barb_Berserker_T3_N3_SlayingStrike",
    "Folder": "Affixes\\Equipment",
    "Images": [
      "rank of the slaying strike passive.png"
    ]
  },
  {
    "IdName": "Resource_MaxFury",
    "Folder": "Affixes\\Equipment",
    "Images": [
      "maximum fury.png"
    ]
  },
  {
    "IdName": "Resource_Cost_Reduction_Barbarian",
    "Folder": "Affixes\\Equipment",
    "Images": [
      "fury cost reduction.png"
    ]
  },
  {
    "IdName": "CC_Duration",
    "Folder": "Affixes\\Equipment",
    "Images": [
      "crowd control duration.png"
    ]
  },
  {
    "IdName": "Damage_to_CCd",
    "Folder": "Affixes\\Equipment",
    "Images": [
      "damage to crowd controlled enemies.png"
    ]
  },
  {
    "IdName": "Damage_to_Bleeding",
    "Folder": "Affixes\\Equipment",
    "Images": [
      "damage to bleeding enemies.png"
    ]
  },
  {
    "IdName": "SkillRankBonus_Barb_Core_3_Slot01",
    "Folder": "Affixes\\Equipment",
    "Images": [
      "rank of double swing.png"
    ]
  },
  {
    "IdName": "Damage_to_Poisoned",
    "Folder": "Affixes\\Equipment",
    "Images": [
      "damage to poisoned enemies.png"
    ]
  },
  {
    "IdName": "CC_Duration_Freeze",
    "Folder": "Affixes\\Equipment",
    "Images": [
      "freeze duration.png"
    ]
  },
  {
    "IdName": "Damage_to_Chilled",
    "Folder": "Affixes\\Equipment",
    "Images": [
      "damage to chilled enemies.png"
    ]
  },
  {
    "IdName": "Damage_DoT",
    "Folder": "Affixes\\Equipment",
    "Images": [
      "damage over time.png"
    ]
  },
  {
    "IdName": "Damage_Type_DoT_Bonus_Bleed",
    "Folder": "Affixes\\Equipment",
    "Images": [
      "physical damage over time.png"
    ]
  },
  {
    "IdName": "SkillRankBonus_Sorc_Special_FrostNova",
    "Folder": "Affixes\\Equipment",
    "Images": [
      "rank of frost nova.png"
    ]
  },
  {
    "IdName": "Damage_to_Burning",
    "Folder": "Affixes\\Equipment",
    "Images": [
      "damage to burning enemies.png"
    ]
  },
  {
    "IdName": "Berserk_Damage",
    "Folder": "Affixes\\Equipment",
    "Images": [
      "damage while berserking.png"
    ]
  },
  {
    "IdName": "Dodge_Ranged",
    "Folder": "Affixes\\Equipment",
    "Images": [
      "dodge chance against distant.png"
    ]
  },
  {
    "IdName": "Damage_Category_Basics",
    "Folder": "Affixes\\Equipment",
    "Images": [
      "basic skill damage.png"
    ]
  },
  {
    "IdName": "PotionCharges",
    "Folder": "Affixes\\Equipment",
    "Images": [
      "potion capacity.png"
    ]
  },
  {
    "IdName": "PotionDropBonus",
    "Folder": "Affixes\\Equipment",
    "Images": [
      "potion drop rate.png"
    ]
  },
  {
    "IdName": "PotionGrantsMoveSpeed",
    "Folder": "Affixes\\Equipment",
    "Images": [
      "while injured your potion also.png",
      "movement speed.png"
    ]
  },
  {
    "IdName": "FortifyBonus",
    "Folder": "Affixes\\Equipment",
    "Images": [
      "fortify generation.png"
    ]
  },
  {
    "IdName": "legendary_generic_009",
    "Folder": "Aspects\\Equipment",
    "Images": [
      "might.png",
      "might2.png"
    ]
  },
  {
    "IdName": "Legendary_Generic_110",
    "Folder": "Aspects\\Equipment",
    "Images": [
      "accelerating.png",
      "accelerating1.png"
    ]
  },
  {
    "IdName": "legendary_generic_036",
    "Folder": "Aspects\\Equipment",
    "Images": [
      "disobedience.png",
      "disobedience1.png"
    ]
  },
  {
    "IdName": "legendary_rogue_021",
    "Folder": "Aspects\\Equipment",
    "Images": [
      "bladedancer.png"
    ]
  },
  {
    "IdName": "legendary_rogue_126",
    "Folder": "Aspects\\Equipment",
    "Images": [
      "pestilent point.png"
    ]
  },
  {
    "IdName": "legendary_rogue_029",
    "Folder": "Aspects\\Equipment",
    "Images": [
      "burning venoms.png",
      "burning venoms1.png"
    ]
  },
  {
    "IdName": "legendary_barb_102",
    "Folder": "Aspects\\Equipment",
    "Images": [
      "anemia.png"
    ]
  },
  {
    "IdName": "legendary_barb_014",
    "Folder": "Aspects\\Equipment",
    "Images": [
      "ancestral echoes.png"
    ]
  },
  {
    "IdName": "legendary_barb_041",
    "Folder": "Aspects\\Equipment",
    "Images": [
      "ancestral force.png"
    ]
  },
  {
    "IdName": "legendary_generic_102",
    "Folder": "Aspects\\Equipment",
    "Images": [
      "shared misery.png"
    ]
  },
  {
    "IdName": "legendary_rogue_105",
    "Folder": "Aspects\\Equipment",
    "Images": [
      "vengeful.png"
    ]
  },
  {
    "IdName": "legendary_generic_112",
    "Folder": "Aspects\\Equipment",
    "Images": [
      "craven.png",
      "craven1.png"
    ]
  },
  {
    "IdName": "legendary_generic_113",
    "Folder": "Aspects\\Equipment",
    "Images": [
      "audacirty.png",
      "audacity1.png"
    ]
  },
  {
    "IdName": "legendary_rogue_018",
    "Folder": "Aspects\\Equipment",
    "Images": [
      "surprise.png",
      "surprise1.png"
    ]
  },
  {
    "IdName": "legendary_rogue_003",
    "Folder": "Aspects\\Equipment",
    "Images": [
      "imitated imbuement.png",
      "imitated imbuement1.png"
    ]
  },
  {
    "IdName": "legendary_generic_038",
    "Folder": "Aspects\\Equipment",
    "Images": [
      "retribution.png",
      "retribution1.png"
    ]
  },
  {
    "IdName": "legendary_generic_107",
    "Folder": "Aspects\\Equipment",
    "Images": [
      "deflecting barrier.png",
      "deflecting barrier1.png"
    ]
  },
  {
    "IdName": "legendary_rogue_028",
    "Folder": "Aspects\\Equipment",
    "Images": [
      "arrow strom.png",
      "arrow strom1.png"
    ]
  },
  {
    "IdName": "legendary_generic_067",
    "Folder": "Aspects\\Equipment",
    "Images": [
      "expectant.png",
      "expectant1.png"
    ]
  },
  {
    "IdName": "legendary_rogue_112",
    "Folder": "Aspects\\Equipment",
    "Images": [
      "siphoned victual.png",
      "siphoned victual1.png"
    ]
  },
  {
    "IdName": "legendary_rogue_011",
    "Folder": "Aspects\\Equipment",
    "Images": [
      "encriciling blades.png",
      "encriciling blades1.png"
    ]
  },
  {
    "IdName": "legendary_rogue_113",
    "Folder": "Aspects\\Equipment",
    "Images": [
      "corruption.png"
    ]
  },
  {
    "IdName": "legendary_necro_112",
    "Folder": "Aspects\\Equipment",
    "Images": [
      "untimely death.png"
    ]
  },
  {
    "IdName": "legendary_barb_006",
    "Folder": "Aspects\\Equipment",
    "Images": [
      "battle-mad.png"
    ]
  },
  {
    "IdName": "legendary_barb_001",
    "Folder": "Aspects\\Equipment",
    "Images": [
      "berserk ripping.png"
    ]
  },
  {
    "IdName": "legendary_barb_022",
    "Folder": "Aspects\\Equipment",
    "Images": [
      "beserk fury.png"
    ]
  },
  {
    "IdName": "legendary_barb_007",
    "Folder": "Aspects\\Equipment",
    "Images": [
      "echoing fury.png"
    ]
  },
  {
    "IdName": "legendary_barb_057",
    "Folder": "Aspects\\Equipment",
    "Images": [
      "bold chieftain.png"
    ]
  },
  {
    "IdName": "legendary_rogue_100",
    "Folder": "Aspects\\Equipment",
    "Images": [
      "branching volleys.png"
    ]
  },
  {
    "IdName": "legendary_barb_026",
    "Folder": "Aspects\\Equipment",
    "Images": [
      "bul-kathos.png"
    ]
  },
  {
    "IdName": "legendary_druid_108",
    "Folder": "Aspects\\Equipment",
    "Images": [
      "ballistic.png"
    ]
  },
  {
    "IdName": "Legendary_Barb_108",
    "Folder": "Aspects\\Equipment",
    "Images": [
      "burning rage.png"
    ]
  },
  {
    "IdName": "legendary_generic_027",
    "Folder": "Aspects\\Equipment",
    "Images": [
      "conceited.png"
    ]
  },
  {
    "IdName": "legendary_sorc_129",
    "Folder": "Aspects\\Equipment",
    "Images": [
      "control.png"
    ]
  },
  {
    "IdName": "Legendary_Barb_109",
    "Folder": "Aspects\\Equipment",
    "Images": [
      "devilish aspect.png"
    ]
  },
  {
    "IdName": "legendary_druid_023",
    "Folder": "Aspects\\Equipment",
    "Images": [
      "crashstone.png"
    ]
  },
  {
    "IdName": "legendary_barb_019",
    "Folder": "Aspects\\Equipment",
    "Images": [
      "dust devil\u0027s aspect.png"
    ]
  },
  {
    "IdName": "Legendary_Druid_116",
    "Folder": "Aspects\\Equipment",
    "Images": [
      "dire wolf.png"
    ]
  },
  {
    "IdName": "legendary_barb_025",
    "Folder": "Aspects\\Equipment",
    "Images": [
      "dire whirlwind.png"
    ]
  },
  {
    "IdName": "legendary_generic_103",
    "Folder": "Aspects\\Equipment",
    "Images": [
      "eluding.png"
    ]
  },
  {
    "IdName": "legendary_generic_063",
    "Folder": "Aspects\\Equipment",
    "Images": [
      "edgemasters.png"
    ]
  },
  {
    "IdName": "legendary_barb_020",
    "Folder": "Aspects\\Equipment",
    "Images": [
      "encroaching wrath.png"
    ]
  },
  {
    "IdName": "legendary_barb_111",
    "Folder": "Aspects\\Equipment",
    "Images": [
      "ancestral charge.png"
    ]
  },
  {
    "IdName": "legendary_rogue_107",
    "Folder": "Aspects\\Equipment",
    "Images": [
      "escape artist.png"
    ]
  },
  {
    "IdName": "legendary_generic_043",
    "Folder": "Aspects\\Equipment",
    "Images": [
      "rapid.png"
    ]
  },
  {
    "IdName": "legendary_rogue_020",
    "Folder": "Aspects\\Equipment",
    "Images": [
      "unstable imbuement.png"
    ]
  },
  {
    "IdName": "legendary_rogue_013",
    "Folder": "Aspects\\Equipment",
    "Images": [
      "volatile shadows.png"
    ]
  },
  {
    "IdName": "legendary_rogue_111",
    "Folder": "Aspects\\Equipment",
    "Images": [
      "cheat.png"
    ]
  },
  {
    "IdName": "legendary_generic_100",
    "Folder": "Aspects\\Equipment",
    "Images": [
      "ghostwalker.png"
    ]
  },
  {
    "IdName": "legendary_generic_014",
    "Folder": "Aspects\\Equipment",
    "Images": [
      "inner calm.png",
      "inner calm1.png"
    ]
  },
  {
    "IdName": "legendary_rogue_103",
    "Folder": "Aspects\\Equipment",
    "Images": [
      "uncanny  treachery.png",
      "uncanny  treachery1.png"
    ]
  },
  {
    "IdName": "legendary_generic_011",
    "Folder": "Aspects\\Equipment",
    "Images": [
      "protector.png"
    ]
  },
  {
    "IdName": "legendary_rogue_004",
    "Folder": "Aspects\\Equipment",
    "Images": [
      "enshrouding.png"
    ]
  },
  {
    "IdName": "legendary_rogue_026",
    "Folder": "Aspects\\Equipment",
    "Images": [
      "shadowslicer.png"
    ]
  },
  {
    "IdName": "legendary_rogue_019",
    "Folder": "Aspects\\Equipment",
    "Images": [
      "trickster\u00B4s.png"
    ]
  },
  {
    "IdName": "legendary_rogue_010",
    "Folder": "Aspects\\Equipment",
    "Images": [
      "trickshot.png",
      "trickshot1.png"
    ]
  },
  {
    "IdName": "legendary_rogue_101",
    "Folder": "Aspects\\Equipment",
    "Images": [
      "blast-trapper1.png",
      "blast-trapper.png"
    ]
  },
  {
    "IdName": "legendary_rogue_014",
    "Folder": "Aspects\\Equipment",
    "Images": [
      "energizing.png",
      "energizing1.png"
    ]
  },
  {
    "IdName": "legendary_rogue_106",
    "Folder": "Aspects\\Equipment",
    "Images": [
      "ravenous.png",
      "ravenous1.png"
    ]
  },
  {
    "IdName": "legendary_rogue_109",
    "Folder": "Aspects\\Equipment",
    "Images": [
      "opportunist.png"
    ]
  },
  {
    "IdName": "legendary_generic_106",
    "Folder": "Aspects\\Equipment",
    "Images": [
      "Needleflare.png"
    ]
  },
  {
    "IdName": "legendary_rogue_102",
    "Folder": "Aspects\\Equipment",
    "Images": [
      "explosiv verve.png",
      "explosiv verve1.png"
    ]
  },
  {
    "IdName": "legendary_generic_021",
    "Folder": "Aspects\\Equipment",
    "Images": [
      "umbral.png"
    ]
  },
  {
    "IdName": "legendary_rogue_118",
    "Folder": "Aspects\\Equipment",
    "Images": [
      "ravager\u00B4s.png"
    ]
  },
  {
    "IdName": "HealingPercent",
    "Folder": "Affixes\\Equipment",
    "Images": [
      "healing received.png"
    ]
  },
  {
    "IdName": "CC_Duration_Reduction",
    "Folder": "Affixes\\Equipment",
    "Images": [
      "control impaired duration.png",
      "reduction.png"
    ]
  },
  {
    "IdName": "Damage_Weapon_Ranged",
    "Folder": "Affixes\\Equipment",
    "Images": [
      "damage with ranged weapon.png"
    ]
  },
  {
    "IdName": "SkillRankBonus_Rogue_Special_ShadowImbue",
    "Folder": "Affixes\\Equipment",
    "Images": [
      "ranks of shadow imbuement.png"
    ]
  },
  {
    "IdName": "Resource_MaxEnergy",
    "Folder": "Affixes\\Equipment",
    "Images": [
      "maximum energy.png"
    ]
  },
  {
    "IdName": "Damage_to_Dazed",
    "Folder": "Affixes\\Equipment",
    "Images": [
      "damage to daze enemies.png"
    ]
  },
  {
    "IdName": "Damage_to_Trapped",
    "Folder": "Affixes\\Equipment",
    "Images": [
      "by trap skills.png",
      "damage to enemies affected.png"
    ]
  },
  {
    "IdName": "Damage_WeaponSwap",
    "Folder": "Affixes\\Equipment",
    "Images": [
      "damage with skill that swap.png"
    ]
  },
  {
    "IdName": "Damage_Tag_Ranged",
    "Folder": "Affixes\\Equipment",
    "Images": [
      "marksman skill damage.png"
    ]
  },
  {
    "IdName": "Damage_Tag_Melee",
    "Folder": "Affixes\\Equipment",
    "Images": [
      "cuttthroat skill damage.png"
    ]
  },
  {
    "IdName": "Lucky_Hit_Heal_Life",
    "Folder": "Affixes\\Equipment",
    "Images": [
      "lucky hit up to.png",
      "chance to heal.png"
    ]
  },
  {
    "IdName": "Lucky_Hit_Slow",
    "Folder": "Affixes\\Equipment",
    "Images": [
      "lucky hit up to.png",
      "slow.png"
    ]
  },
  {
    "IdName": "CritDamage_With_Imbued",
    "Folder": "Affixes\\Equipment",
    "Images": [
      "critical strike damage with.png",
      "imbued skills.png"
    ]
  },
  {
    "IdName": "Damage_to_Stunned",
    "Folder": "Affixes\\Equipment",
    "Images": [
      "damage to stunned enemies.png"
    ]
  },
  {
    "IdName": "Damage_Tag_Imbuements",
    "Folder": "Affixes\\Equipment",
    "Images": [
      "imbuement skill damage.png"
    ]
  },
  {
    "IdName": "SkillRankBonus_Rogue_Core_1",
    "Folder": "Affixes\\Equipment",
    "Images": [
      "ranks of rapid fire.png"
    ]
  },
  {
    "IdName": "SkillRankBonus_Rogue_Core_2",
    "Folder": "Affixes\\Equipment",
    "Images": [
      "ranks of flurry.png"
    ]
  },
  {
    "IdName": "SkillRankBonus_Rogue_Special_PoisonTrap",
    "Folder": "Affixes\\Equipment",
    "Images": [
      "ranks of poison trap.png"
    ]
  },
  {
    "IdName": "SkillRankBonus_Rogue_Special_DarkShroud",
    "Folder": "Affixes\\Equipment",
    "Images": [
      "ranks of dark shroud.png"
    ]
  },
  {
    "IdName": "SkillRankBonus_Rogue_Special_SmokeBomb",
    "Folder": "Affixes\\Equipment",
    "Images": [
      "ranks of smoke grenade.png"
    ]
  },
  {
    "IdName": "Dodge_Melee",
    "Folder": "Affixes\\Equipment",
    "Images": [
      "dodge chance against close.png"
    ]
  },
  {
    "IdName": "CDR_Imbues",
    "Folder": "Affixes\\Equipment",
    "Images": [
      "imbuement skill cooldown.png"
    ]
  },
  {
    "IdName": "Damage_Type_Bonus_Poison",
    "Folder": "Affixes\\Equipment",
    "Images": [
      "poison damage.png"
    ]
  },
  {
    "IdName": "DamageReductionInjured",
    "Folder": "Affixes\\Equipment",
    "Images": [
      "damage reduction while.png",
      "injured.png"
    ]
  },
  {
    "IdName": "Damage_to_Frozen",
    "Folder": "Affixes\\Equipment",
    "Images": [
      "damage to frozen enemies.png"
    ]
  },
  {
    "IdName": "PassiveRankBonus_Rogue_Cunning_T4_N2_Malice",
    "Folder": "Affixes\\Equipment",
    "Images": [
      "ranks of the malice.png"
    ]
  },
  {
    "IdName": "SkillRankBonus_Rogue_Category_Subterfuge",
    "Folder": "Affixes\\Equipment",
    "Images": [
      "ranks of all subterfuge skills.png"
    ]
  },
  {
    "IdName": "SkillRankBonus_Rogue_Category_Agility",
    "Folder": "Affixes\\Equipment",
    "Images": [
      "ranks of all agility skills.png"
    ]
  },
  {
    "IdName": "DamageReductionDistant",
    "Folder": "Affixes\\Equipment",
    "Images": [
      "damage reduction from.png",
      "distant enemies.png"
    ]
  },
  {
    "IdName": "CDR_Traps",
    "Folder": "Affixes\\Equipment",
    "Images": [
      "trap skill cooldown reduction.png"
    ]
  },
  {
    "IdName": "SkillRankBonus_Rogue_Special_ColdImbue",
    "Folder": "Affixes\\Equipment",
    "Images": [
      "ranks of cold imbuement.png"
    ]
  },
  {
    "IdName": "Damage_With_Imbued",
    "Folder": "Affixes\\Equipment",
    "Images": [
      "imbued skill damage.png"
    ]
  },
  {
    "IdName": "Resource_Cost_Reduction_Rogue",
    "Folder": "Affixes\\Equipment",
    "Images": [
      "energy cost reduction.png"
    ]
  },
  {
    "IdName": "SkillRankBonus_Rogue_Special_Dash",
    "Folder": "Affixes\\Equipment",
    "Images": [
      "ranks of dash.png"
    ]
  },
  {
    "IdName": "Execute",
    "Folder": "Affixes\\Equipment",
    "Images": [
      "execute injured.png",
      "lucky hit up to.png"
    ]
  },
  {
    "IdName": "Damage_Type_Bonus_Shadow",
    "Folder": "Affixes\\Equipment",
    "Images": [
      "shadow damage.png"
    ]
  },
  {
    "IdName": "Luck_With_Barrier",
    "Folder": "Affixes\\Equipment",
    "Images": [
      "lucky hit chance.png",
      "have a barrier.png"
    ]
  },
  {
    "IdName": "SkillRankBonus_Rogue_Core_3",
    "Folder": "Affixes\\Equipment",
    "Images": [
      "ranks of barrage.png"
    ]
  },
  {
    "IdName": "Lucky_Crit_Slow",
    "Folder": "Affixes\\Equipment",
    "Images": [
      "slow.png"
    ]
  },
  {
    "IdName": "legendary_rogue_117",
    "Folder": "Aspects\\Equipment",
    "Images": [
      "noxious ice.png"
    ]
  },
  {
    "IdName": "Trap_Arm_Time",
    "Folder": "Affixes\\Equipment",
    "Images": [
      "reduces the arm time.png"
    ]
  },
  {
    "IdName": "Damage",
    "Folder": "Affixes\\Equipment",
    "Images": [
      "damage.png"
    ]
  },
  {
    "IdName": "SkillRankBonus_Rogue_Special_Concealment",
    "Folder": "Affixes\\Equipment",
    "Images": [
      "ranks of concealment.png"
    ]
  },
  {
    "IdName": "legendary_rogue_108",
    "Folder": "Aspects\\Equipment",
    "Images": [
      "stolen vigor.png",
      "stolen vigor1.png"
    ]
  },
  {
    "IdName": "legendary_rogue_116",
    "Folder": "Aspects\\Equipment",
    "Images": [
      "umbrous.png",
      "umbrous1.png"
    ]
  },
  {
    "IdName": "legendary_rogue_123",
    "Folder": "Aspects\\Equipment",
    "Images": [
      "frostbitten.png"
    ]
  },
  {
    "IdName": "legendary_druid_113",
    "Folder": "Aspects\\Equipment",
    "Images": [
      "symbiotic.png"
    ]
  },
  {
    "IdName": "legendary_sorc_017",
    "Folder": "Aspects\\Equipment",
    "Images": [
      "frostblitz.png"
    ]
  },
  {
    "IdName": "legendary_sorc_107",
    "Folder": "Aspects\\Equipment",
    "Images": [
      "glacial.png"
    ]
  },
  {
    "IdName": "legendary_rogue_120",
    "Folder": "Aspects\\Equipment",
    "Images": [
      "lethal dusk.png"
    ]
  },
  {
    "IdName": "SkillRankBonus_Rogue_Special_ShadowStep",
    "Folder": "Affixes\\Equipment",
    "Images": [
      "ranks of shadow step.png"
    ]
  },
  {
    "IdName": "Legendary_Generic_111",
    "Folder": "Aspects\\Equipment",
    "Images": [
      "exploiter\u00B4s.png"
    ]
  },
  {
    "IdName": "legendary_generic_034",
    "Folder": "Aspects\\Equipment",
    "Images": [
      "protecting.png"
    ]
  },
  {
    "IdName": "legendary_rogue_122",
    "Folder": "Aspects\\Equipment",
    "Images": [
      "infiltrator\u00B4s.png"
    ]
  },
  {
    "IdName": "legendary_rogue_024",
    "Folder": "Aspects\\Equipment",
    "Images": [
      "icy alchemist.png"
    ]
  },
  {
    "IdName": "legendary_generic_065",
    "Folder": "Aspects\\Equipment",
    "Images": [
      "crowded sage.png",
      "crowded sage1.png"
    ]
  },
  {
    "IdName": "legendary_druid_018",
    "Folder": "Aspects\\Equipment",
    "Images": [
      "quicksand.png"
    ]
  },
  {
    "IdName": "legendary_rogue_110",
    "Folder": "Aspects\\Equipment",
    "Images": [
      "quickening fog.png"
    ]
  },
  {
    "IdName": "Legendary_Rogue_125",
    "Folder": "Aspects\\Equipment",
    "Images": [
      "snap frozen.png"
    ]
  },
  {
    "IdName": "legendary_barb_005",
    "Folder": "Aspects\\Equipment",
    "Images": [
      "iron blood.png"
    ]
  },
  {
    "IdName": "legendary_generic_109",
    "Folder": "Aspects\\Equipment",
    "Images": [
      "smiting.png",
      "smiting1.png"
    ]
  },
  {
    "IdName": "PassiveRankBonus_Rogue_Cunning_T3_N1_Exploit",
    "Folder": "Affixes\\Equipment",
    "Images": [
      "ranks of exploit.png"
    ]
  },
  {
    "IdName": "SkillRankBonus_Druid_Special_Hurricane",
    "Folder": "Affixes\\Equipment",
    "Images": [
      "rank of hurricane.png"
    ]
  },
  {
    "IdName": "legendary_rogue_121",
    "Folder": "Aspects\\Equipment",
    "Images": [
      "elusive menace.png"
    ]
  },
  {
    "IdName": "legendary_rogue_114",
    "Folder": "Aspects\\Equipment",
    "Images": [
      "mangler\u00B4s.png",
      "mangler\u00B4s1.png"
    ]
  },
  {
    "IdName": "Legendary_Rogue_124",
    "Folder": "Aspects\\Equipment",
    "Images": [
      "repeating.png"
    ]
  },
  {
    "IdName": "legendary_barb_050",
    "Folder": "Aspects\\Equipment",
    "Images": [
      "grasping whirlwind.png"
    ]
  },
  {
    "IdName": "legendary_necro_115",
    "Folder": "Aspects\\Equipment",
    "Images": [
      "hardened bones.png"
    ]
  },
  {
    "IdName": "legendary_rogue_023",
    "Folder": "Aspects\\Equipment",
    "Images": [
      "toxic alchemist\u00B4s.png"
    ]
  },
  {
    "IdName": "legendary_rogue_104",
    "Folder": "Aspects\\Equipment",
    "Images": [
      "cruel sustenance.png",
      "cruel sustenance1.png"
    ]
  },
  {
    "IdName": "SkillRankBonus_Rogue_Core_5",
    "Folder": "Affixes\\Equipment",
    "Images": [
      "penetrating shot.png"
    ]
  },
  {
    "IdName": "OverpowerChance",
    "Folder": "Affixes\\Equipment",
    "Images": [
      "overpower.png",
      "chance.png"
    ]
  },
  {
    "IdName": "legendary_rogue_119",
    "Folder": "Aspects\\Equipment",
    "Images": [
      "synergy.png",
      "synergy1.png"
    ]
  },
  {
    "IdName": "Resource_MaxMana",
    "Folder": "Affixes\\Equipment",
    "Images": [
      "maximum mana.png"
    ]
  },
  {
    "IdName": "legendary_barb_055",
    "Folder": "Aspects\\Equipment",
    "Images": [
      "steadfast.png"
    ]
  },
  {
    "IdName": "FortifyDamageReduction",
    "Folder": "Affixes\\Equipment",
    "Images": [
      "damage reduction while.png",
      "fortified.png"
    ]
  },
  {
    "IdName": "DamageReduction_Bleeding",
    "Folder": "Affixes\\Equipment",
    "Images": [
      "damage reduction from.png",
      "bleeding.png"
    ]
  },
  {
    "IdName": "SkillRankBonus_Barb_Core_1_Slot01",
    "Folder": "Affixes\\Equipment",
    "Images": [
      "rank of hammer of the ancients.png"
    ]
  },
  {
    "IdName": "CritChance_To_LowLife",
    "Folder": "Affixes\\Equipment",
    "Images": [
      "critical strike chance.png",
      "injured.png"
    ]
  },
  {
    "IdName": "Berserk_Duration",
    "Folder": "Affixes\\Equipment",
    "Images": [
      "berserking duration.png"
    ]
  },
  {
    "IdName": "Legendary_Barb_110",
    "Folder": "Aspects\\Equipment",
    "Images": [
      "limitless rage.png"
    ]
  }
]
