[
  {
    "IdName": "CD_Reduction",
    "Folder": "Affixes\\Equipment",
    "Images": [
      "abklingzeitreduktion.png"
    ]
  },
  {
    "IdName": "CoreStat_Intelligence",
    "Folder": "Affixes\\Equipment",
    "Images": [
      "intelligenz.png"
    ]
  },
  {
    "IdName": "Armor",
    "Folder": "Affixes\\Equipment",
    "Images": [
      "gesamte r\u00FCstung.png"
    ]
  },
  {
    "IdName": "Life",
    "Folder": "Affixes\\Equipment",
    "Images": [
      "maximales leben.png"
    ]
  },
  {
    "IdName": "Evade_Attack_Reset",
    "Folder": "Affixes\\Equipment",
    "Images": [
      "angriffe verringern die abklingzeit.png",
      "entrinnen.png"
    ]
  },
  {
    "IdName": "Resource_Cost_Reduction_Sorcerer",
    "Folder": "Affixes\\Equipment",
    "Images": [
      "kostenreduktion f\u00FCr mana.png"
    ]
  },
  {
    "IdName": "Resource_MaxMana",
    "Folder": "Affixes\\Equipment",
    "Images": [
      "max mana.png"
    ]
  },
  {
    "IdName": "DamageReductionClose",
    "Folder": "Affixes\\Equipment",
    "Images": [
      "weniger schaden durch.png",
      "n\u00E4he.png"
    ]
  },
  {
    "IdName": "DamageReductionDistant",
    "Folder": "Affixes\\Equipment",
    "Images": [
      "weniger schaden durch.png",
      "entfernte.png"
    ]
  },
  {
    "IdName": "DamageReduction",
    "Folder": "Affixes\\Equipment",
    "Images": [
      "schadensreduktion.png"
    ]
  },
  {
    "IdName": "Resistance_All",
    "Folder": "Affixes\\Equipment",
    "Images": [
      "widerstand gegen alle.png"
    ]
  },
  {
    "IdName": "Resistance_Single_Poison",
    "Folder": "Affixes\\Equipment",
    "Images": [
      "widerstand gegen gift.png"
    ]
  },
  {
    "IdName": "Resistance_Single_Lightning",
    "Folder": "Affixes\\Equipment",
    "Images": [
      "widerstand gegen blitz.png"
    ]
  },
  {
    "IdName": "Movement_Speed",
    "Folder": "Affixes\\Equipment",
    "Images": [
      "bewegungsgeschwindigkeit.png"
    ]
  },
  {
    "IdName": "SkillRankBonus_Sorc_Special_BallLightning",
    "Folder": "Affixes\\Equipment",
    "Images": [
      "r\u00E4nge f\u00FCr kugelblitz.png"
    ]
  },
  {
    "IdName": "CC_Duration_Freeze",
    "Folder": "Affixes\\Equipment",
    "Images": [
      "einfrieren dauer.png"
    ]
  },
  {
    "IdName": "ResourceGain",
    "Folder": "Affixes\\Equipment",
    "Images": [
      "ressourcenerzeugung.png"
    ]
  },
  {
    "IdName": "Damage_to_Stunned",
    "Folder": "Affixes\\Equipment",
    "Images": [
      "schaden gegen.png",
      "bet\u00E4ubt.png"
    ]
  },
  {
    "IdName": "Damage_to_Slowed",
    "Folder": "Affixes\\Equipment",
    "Images": [
      "schaden gegen.png",
      "verlangsamt.png"
    ]
  },
  {
    "IdName": "Damage_to_LowLife",
    "Folder": "Affixes\\Equipment",
    "Images": [
      "schaden gegen.png",
      "verletzte gegner.png"
    ]
  },
  {
    "IdName": "Damage_to_Vulnerable",
    "Folder": "Affixes\\Equipment",
    "Images": [
      "schaden gegen.png",
      "verwundbare.png"
    ]
  },
  {
    "IdName": "Damage_to_CCd",
    "Folder": "Affixes\\Equipment",
    "Images": [
      "schaden gegen.png",
      "kontrollverlusteffekten.png"
    ]
  },
  {
    "IdName": "CritDamage",
    "Folder": "Affixes\\Equipment",
    "Images": [
      "kritischer trefferschaden.png"
    ]
  },
  {
    "IdName": "CoreStats_All",
    "Folder": "Affixes\\Equipment",
    "Images": [
      "alle werte.png"
    ]
  },
  {
    "IdName": "CoreStat_Dexterity",
    "Folder": "Affixes\\Equipment",
    "Images": [
      "geschicklichkeit.png"
    ]
  },
  {
    "IdName": "CoreStat_Strength",
    "Folder": "Affixes\\Equipment",
    "Images": [
      "st\u00E4rke.png"
    ]
  },
  {
    "IdName": "CoreStat_Willpower",
    "Folder": "Affixes\\Equipment",
    "Images": [
      "willenskraft.png"
    ]
  },
  {
    "IdName": "Dodge",
    "Folder": "Affixes\\Equipment",
    "Images": [
      "ausweichchance.png"
    ]
  },
  {
    "IdName": "Thorns",
    "Folder": "Affixes\\Equipment",
    "Images": [
      "dornen.png"
    ]
  },
  {
    "IdName": "LifeRegen",
    "Folder": "Affixes\\Equipment",
    "Images": [
      "lebensregeneration wenn.png"
    ]
  },
  {
    "IdName": "AttackSpeed",
    "Folder": "Affixes\\Equipment",
    "Images": [
      "angriffsgeschwindigkeit.png"
    ]
  },
  {
    "IdName": "AttackSpeed_Basics",
    "Folder": "Affixes\\Equipment",
    "Images": [
      "angriffsgeschwindigkeit von.png",
      "basis.png"
    ]
  },
  {
    "IdName": "Luck",
    "Folder": "Affixes\\Equipment",
    "Images": [
      "gl\u00FCckstrefferchance.png"
    ]
  },
  {
    "IdName": "CC_Duration",
    "Folder": "Affixes\\Equipment",
    "Images": [
      "kontrollverlustdauer.png"
    ]
  },
  {
    "IdName": "Damage_Category_Basics",
    "Folder": "Affixes\\Equipment",
    "Images": [
      "schaden f\u00FCr fertigkeiten.png",
      "basis.png"
    ]
  },
  {
    "IdName": "Damage_Category_Ultimate",
    "Folder": "Affixes\\Equipment",
    "Images": [
      "schaden f\u00FCr fertigkeiten.png",
      "ultimativ.png"
    ]
  },
  {
    "IdName": "Damage_Category_Spenders",
    "Folder": "Affixes\\Equipment",
    "Images": [
      "schaden f\u00FCr fertigkeiten.png",
      "kern.png"
    ]
  },
  {
    "IdName": "Damage_to_Burning",
    "Folder": "Affixes\\Equipment",
    "Images": [
      "schaden gegen.png",
      "brennt.png"
    ]
  },
  {
    "IdName": "DamageReduction_Burning",
    "Folder": "Affixes\\Equipment",
    "Images": [
      "weniger schaden durch.png",
      "brennt.png"
    ]
  },
  {
    "IdName": "Execute",
    "Folder": "Affixes\\Equipment",
    "Images": [
      "gl\u00FCckstreffer chance von bis.png",
      "nicht-elitegegner.png"
    ]
  },
  {
    "IdName": "Lucky_Hit_Resource",
    "Folder": "Affixes\\Equipment",
    "Images": [
      "gl\u00FCckstreffer chance von bis.png",
      "prim\u00E4rressource.png"
    ]
  },
  {
    "IdName": "Lucky_Hit_Slow",
    "Folder": "Affixes\\Equipment",
    "Images": [
      "gl\u00FCckstreffer chance von bis.png",
      "verlangsamen.png"
    ]
  },
  {
    "IdName": "SkillRankBonus_Sorc_Special_Teleport",
    "Folder": "Affixes\\Equipment",
    "Images": [
      "r\u00E4nge f\u00FCr teleportation.png"
    ]
  },
  {
    "IdName": "Resistance_Single_Shadow",
    "Folder": "Affixes\\Equipment",
    "Images": [
      "widerstand gegen schatten.png"
    ]
  },
  {
    "IdName": "Damage_to_Near",
    "Folder": "Affixes\\Equipment",
    "Images": [
      "schaden gegen.png",
      "n\u00E4he.png"
    ]
  },
  {
    "IdName": "legendary_generic_109",
    "Folder": "Aspects\\Equipment",
    "Images": [
      "schmetternder.png",
      "schmetternder1.png"
    ]
  },
  {
    "IdName": "legendary_sorc_126",
    "Folder": "Aspects\\Equipment",
    "Images": [
      "des unersch\u00FCtterlichen.png"
    ]
  },
  {
    "IdName": "CritChance",
    "Folder": "Affixes\\Equipment",
    "Images": [
      "kritische trefferchance.png"
    ]
  },
  {
    "IdName": "CritChance_To_LowLife",
    "Folder": "Affixes\\Equipment",
    "Images": [
      "kritische trefferchance gegen.png",
      "verletzte gegner.png"
    ]
  },
  {
    "IdName": "CritDamage_With_Lightning",
    "Folder": "Affixes\\Equipment",
    "Images": [
      "kritischer trefferschaden des.png",
      "blitz.png"
    ]
  },
  {
    "IdName": "Damage_Category_SorcMastery",
    "Folder": "Affixes\\Equipment",
    "Images": [
      "schaden f\u00FCr fertigkeiten.png",
      "beherrschung.png"
    ]
  },
  {
    "IdName": "Damage_Tag_Pyromancy",
    "Folder": "Affixes\\Equipment",
    "Images": [
      "schaden f\u00FCr fertigkeiten.png",
      "pyromanie.png"
    ]
  },
  {
    "IdName": "Damage_Tag_Conjuration",
    "Folder": "Affixes\\Equipment",
    "Images": [
      "schaden f\u00FCr fertigkeiten.png",
      "beschw\u00F6rung.png"
    ]
  },
  {
    "IdName": "Damage_CracklingEnergy",
    "Folder": "Affixes\\Equipment",
    "Images": [
      "schaden des typs knisternde energie.png"
    ]
  },
  {
    "IdName": "Damage_to_Chilled",
    "Folder": "Affixes\\Equipment",
    "Images": [
      "schaden gegen.png",
      "unterk\u00FChlt.png"
    ]
  },
  {
    "IdName": "legendary_sorc_118",
    "Folder": "Aspects\\Equipment",
    "Images": [
      "aufladender.png"
    ]
  },
  {
    "IdName": "legendary_sorc_119",
    "Folder": "Aspects\\Equipment",
    "Images": [
      "gravitativer.png"
    ]
  },
  {
    "IdName": "legendary_sorc_102",
    "Folder": "Aspects\\Equipment",
    "Images": [
      "der verzehrenden flammen.png"
    ]
  },
  {
    "IdName": "legendary_sorc_106",
    "Folder": "Aspects\\Equipment",
    "Images": [
      "der zerborstenen sterne.png"
    ]
  },
  {
    "IdName": "legendary_generic_009",
    "Folder": "Aspects\\Equipment",
    "Images": [
      "der macht.png"
    ]
  },
  {
    "IdName": "legendary_sorc_122",
    "Folder": "Aspects\\Equipment",
    "Images": [
      "der ungebrochenen kette.png"
    ]
  },
  {
    "IdName": "legendary_sorc_039",
    "Folder": "Aspects\\Equipment",
    "Images": [
      "z\u00FCngelnder.png"
    ]
  },
  {
    "IdName": "legendary_generic_016",
    "Folder": "Aspects\\Equipment",
    "Images": [
      "windw\u00FCtender.png"
    ]
  },
  {
    "IdName": "legendary_generic_100",
    "Folder": "Aspects\\Equipment",
    "Images": [
      "geistwandelnder.png"
    ]
  },
  {
    "IdName": "legendary_generic_115",
    "Folder": "Aspects\\Equipment",
    "Images": [
      "des abschlachtens.png"
    ]
  },
  {
    "IdName": "legendary_generic_038",
    "Folder": "Aspects\\Equipment",
    "Images": [
      "der vergeltung.png"
    ]
  },
  {
    "IdName": "legendary_sorc_112",
    "Folder": "Aspects\\Equipment",
    "Images": [
      "der gunst.png",
      "der gunst1.png"
    ]
  },
  {
    "IdName": "legendary_generic_102",
    "Folder": "Aspects\\Equipment",
    "Images": [
      "des geteilten leids.png",
      "des geteilten leids1.png"
    ]
  },
  {
    "IdName": "legendary_sorc_113",
    "Folder": "Aspects\\Equipment",
    "Images": [
      "der bei\u00DFenden k\u00E4lte.png"
    ]
  },
  {
    "IdName": "legendary_sorc_110",
    "Folder": "Aspects\\Equipment",
    "Images": [
      "der schneidenden k\u00E4lte.png"
    ]
  },
  {
    "IdName": "legendary_generic_104",
    "Folder": "Aspects\\Equipment",
    "Images": [
      "assimilierender.png"
    ]
  },
  {
    "IdName": "legendary_sorc_132",
    "Folder": "Aspects\\Equipment",
    "Images": [
      "der effizienz.png"
    ]
  },
  {
    "IdName": "legendary_sorc_004",
    "Folder": "Aspects\\Equipment",
    "Images": [
      "der bindenden glut.png"
    ]
  },
  {
    "IdName": "legendary_sorc_137",
    "Folder": "Aspects\\Equipment",
    "Images": [
      "des kampfmagiers.png",
      "des kampfmagiers1.png"
    ]
  },
  {
    "IdName": "legendary_sorc_136",
    "Folder": "Aspects\\Equipment",
    "Images": [
      "des sengenden schutzes.png"
    ]
  },
  {
    "IdName": "legendary_generic_036",
    "Folder": "Aspects\\Equipment",
    "Images": [
      "des ungehorsams.png"
    ]
  },
  {
    "IdName": "legendary_sorc_108",
    "Folder": "Aspects\\Equipment",
    "Images": [
      "schneeverschleierter.png"
    ]
  },
  {
    "IdName": "legendary_sorc_129",
    "Folder": "Aspects\\Equipment",
    "Images": [
      "der kontrolle.png"
    ]
  },
  {
    "IdName": "legendary_sorc_125",
    "Folder": "Aspects\\Equipment",
    "Images": [
      "wunderkinds.png"
    ]
  },
  {
    "IdName": "legendary_sorc_115",
    "Folder": "Aspects\\Equipment",
    "Images": [
      "sturmschwellender.png",
      "sturmschwellender1.png"
    ]
  },
  {
    "IdName": "legendary_sorc_043",
    "Folder": "Aspects\\Equipment",
    "Images": [
      "des armageddon.png"
    ]
  },
  {
    "IdName": "Life_On_Kill",
    "Folder": "Affixes\\Equipment",
    "Images": [
      "leben beim t\u00F6ten eines gegners.png"
    ]
  },
  {
    "IdName": "World_DGN_Scos_VaultofTheForsaken",
    "Folder": "Affixes\\Sigils",
    "Images": [
      "gew\u00F6lbe der verlassenen.png"
    ]
  },
  {
    "IdName": "World_DGN_Step_GrinningLabyrinth",
    "Folder": "Affixes\\Sigils",
    "Images": [
      "grinsendes labyrinth.png"
    ]
  },
  {
    "IdName": "World_DGN_Frac_HallowedOssuary",
    "Folder": "Affixes\\Sigils",
    "Images": [
      "geheiligtes beinhaus.png"
    ]
  },
  {
    "IdName": "World_DGN_Kehj_CrusadersCathedral",
    "Folder": "Affixes\\Sigils",
    "Images": [
      "kathedrale der kreuzritter.png"
    ]
  },
  {
    "IdName": "World_DGN_Step_CarrionFields",
    "Folder": "Affixes\\Sigils",
    "Images": [
      "aasfelder.png"
    ]
  },
  {
    "IdName": "World_DGN_Step_BloodsoakedCrag",
    "Folder": "Affixes\\Sigils",
    "Images": [
      "blutgetr\u00E4nkter fels.png"
    ]
  },
  {
    "IdName": "World_DGN_Frac_SanguineChapel",
    "Folder": "Affixes\\Sigils",
    "Images": [
      "blutrote kapelle.png"
    ]
  },
  {
    "IdName": "World_DGN_Hawe_EndlessGates",
    "Folder": "Affixes\\Sigils",
    "Images": [
      "endlose tore.png"
    ]
  },
  {
    "IdName": "World_DGN_Hawe_BelfryZakara",
    "Folder": "Affixes\\Sigils",
    "Images": [
      "glockenturm von zakara.png"
    ]
  },
  {
    "IdName": "World_DGN_Kehj_Conclave",
    "Folder": "Affixes\\Sigils",
    "Images": [
      "konklave.png"
    ]
  },
  {
    "IdName": "World_DGN_Frac_RitualTower",
    "Folder": "Affixes\\Sigils",
    "Images": [
      "gepeinigte ruinen.png"
    ]
  },
  {
    "IdName": "World_DGN_Scos_LubansRest",
    "Folder": "Affixes\\Sigils",
    "Images": [
      "lubans ruhe.png"
    ]
  },
  {
    "IdName": "World_DGN_Scos_JalalsVigil",
    "Folder": "Affixes\\Sigils",
    "Images": [
      "jalals wacht.png"
    ]
  },
  {
    "IdName": "World_DGN_Frac_ForbiddenCity",
    "Folder": "Affixes\\Sigils",
    "Images": [
      "verbotene stadt.png"
    ]
  },
  {
    "IdName": "World_DGN_Hawe_SteadfastBarracks",
    "Folder": "Affixes\\Sigils",
    "Images": [
      "standhafte kaserne.png"
    ]
  },
  {
    "IdName": "DungeonAffix_Major_Empowered Elites (Suppressor)",
    "Folder": "Affixes\\Sigils",
    "Images": [
      "unterdr\u00FCcker.png"
    ]
  },
  {
    "IdName": "DungeonAffix_Major_Lightning Storm",
    "Folder": "Affixes\\Sigils",
    "Images": [
      "gewittersturm.png"
    ]
  },
  {
    "IdName": "legendary_generic_063",
    "Folder": "Aspects\\Equipment",
    "Images": [
      "klingenmeisters.png"
    ]
  },
  {
    "IdName": "OverpowerDamage",
    "Folder": "Affixes\\Equipment",
    "Images": [
      "\u00FCberw\u00E4ltigungsschaden.png"
    ]
  },
  {
    "IdName": "legendary_sorc_017",
    "Folder": "Aspects\\Equipment",
    "Images": [
      "frostblitzender.png"
    ]
  },
  {
    "IdName": "legendary_sorc_131",
    "Folder": "Aspects\\Equipment",
    "Images": [
      "ewiglebender.png",
      "ewiglebender1.png"
    ]
  },
  {
    "IdName": "legendary_generic_106",
    "Folder": "Aspects\\Equipment",
    "Images": [
      "nadelfeuriger.png",
      "nadelfeuriger1.png"
    ]
  },
  {
    "IdName": "legendary_sorc_116",
    "Folder": "Aspects\\Equipment",
    "Images": [
      "der gefrorenen tundra.png"
    ]
  },
  {
    "IdName": "Barrier_Strength_Percent",
    "Folder": "Affixes\\Equipment",
    "Images": [
      "barriereerzeugung.png"
    ]
  },
  {
    "IdName": "Damage_to_Frozen",
    "Folder": "Affixes\\Equipment",
    "Images": [
      "schaden gegen.png",
      "eingefroren.png"
    ]
  },
  {
    "IdName": "SkillRankBonus_Sorc_Core_5",
    "Folder": "Affixes\\Equipment",
    "Images": [
      "r\u00E4nge f\u00FCr flammentod.png"
    ]
  },
  {
    "IdName": "Damage_DoT",
    "Folder": "Affixes\\Equipment",
    "Images": [
      "schaden \u00FCber zeit.png"
    ]
  },
  {
    "IdName": "SkillRankBonus_Sorc_Core_6",
    "Folder": "Affixes\\Equipment",
    "Images": [
      "r\u00E4nge f\u00FCr gefrorene kugel.png"
    ]
  },
  {
    "IdName": "SkillRankBonus_Sorc_Core_2",
    "Folder": "Affixes\\Equipment",
    "Images": [
      "r\u00E4nge f\u00FCr eissplitter.png"
    ]
  },
  {
    "IdName": "Lucky_Hit_Heal_Life",
    "Folder": "Affixes\\Equipment",
    "Images": [
      "gl\u00FCckstreffer chance von bis.png",
      "leben zu heilen.png"
    ]
  },
  {
    "IdName": "SkillRankBonus_Sorc_Special_Firewall",
    "Folder": "Affixes\\Equipment",
    "Images": [
      "r\u00E4nge f\u00FCr feuerwand.png"
    ]
  },
  {
    "IdName": "Damage_Type_Bonus_Fire",
    "Folder": "Affixes\\Equipment",
    "Images": [
      "schaden des typs feuer.png"
    ]
  },
  {
    "IdName": "Damage_Type_Bonus_Cold",
    "Folder": "Affixes\\Equipment",
    "Images": [
      "schaden des typs k\u00E4lte.png"
    ]
  },
  {
    "IdName": "SkillRankBonus_Sorc_Special_IceArmor",
    "Folder": "Affixes\\Equipment",
    "Images": [
      "r\u00E4nge f\u00FCr eisr\u00FCstung.png"
    ]
  },
  {
    "IdName": "DungeonAffix_Positive_EvadePushesEnemies",
    "Folder": "Affixes\\Sigils",
    "Images": [
      "anrempelndes entrinnen.png"
    ]
  },
  {
    "IdName": "DungeonAffix_Positive_PeriodicLightning",
    "Folder": "Affixes\\Sigils",
    "Images": [
      "blitzrufer.png"
    ]
  },
  {
    "IdName": "DungeonAffix_Positive_Thorns",
    "Folder": "Affixes\\Sigils",
    "Images": [
      "dornen.png"
    ]
  },
  {
    "IdName": "DungeonAffix_Positive_IncreasedHealing",
    "Folder": "Affixes\\Sigils",
    "Images": [
      "erh\u00F6hte heilung.png"
    ]
  },
  {
    "IdName": "DungeonAffix_Positive_IncreasedCritChance",
    "Folder": "Affixes\\Sigils",
    "Images": [
      "erh\u00F6hte kritische treffer.png"
    ]
  },
  {
    "IdName": "DungeonAffix_Positive_StunCausesBurning",
    "Folder": "Affixes\\Sigils",
    "Images": [
      "explosive kontrollbeeintr\u00E4chtigung.png"
    ]
  },
  {
    "IdName": "DungeonAffix_Positive_FireDamage",
    "Folder": "Affixes\\Sigils",
    "Images": [
      "feuerschaden.png",
      "ihr verursacht 15.png"
    ]
  },
  {
    "IdName": "DungeonAffix_Positive_FrostDamage",
    "Folder": "Affixes\\Sigils",
    "Images": [
      "frostschaden.png",
      "ihr verursacht 15.png"
    ]
  },
  {
    "IdName": "DungeonAffix_Positive_EvadeLeavesPoison",
    "Folder": "Affixes\\Sigils",
    "Images": [
      "giftiges ausweichen.png"
    ]
  },
  {
    "IdName": "DungeonAffix_Positive_GoldFind",
    "Folder": "Affixes\\Sigils",
    "Images": [
      "goldfundbonus.png"
    ]
  },
  {
    "IdName": "DungeonAffix_Positive_PhysicalDamage",
    "Folder": "Affixes\\Sigils",
    "Images": [
      "physischer schaden.png",
      "ihr verursacht 15.png"
    ]
  },
  {
    "IdName": "DungeonAffix_Positive_ShadowDamage",
    "Folder": "Affixes\\Sigils",
    "Images": [
      "schattenschaden.png",
      "ihr verursacht 15.png"
    ]
  },
  {
    "IdName": "DungeonAffix_Major_Nightmare Portal",
    "Folder": "Affixes\\Sigils",
    "Images": [
      "alptraumportal.png"
    ]
  },
  {
    "IdName": "DungeonAffix_Major_Blood Blister",
    "Folder": "Affixes\\Sigils",
    "Images": [
      "blutblase.png"
    ]
  },
  {
    "IdName": "DungeonAffix_Major_Avenger",
    "Folder": "Affixes\\Sigils",
    "Images": [
      "r\u00E4cher.png"
    ]
  },
  {
    "IdName": "DungeonAffix_Major_StormbanesWrath",
    "Folder": "Affixes\\Sigils",
    "Images": [
      "sturmfluchs zorn.png"
    ]
  },
  {
    "IdName": "DungeonAffix_Major_Drifting Shade",
    "Folder": "Affixes\\Sigils",
    "Images": [
      "treibender schatten.png"
    ]
  },
  {
    "IdName": "DungeonAffix_Major_Empowered Elites (Poison)",
    "Folder": "Affixes\\Sigils",
    "Images": [
      "giftverzaubert.png"
    ]
  },
  {
    "IdName": "DungeonAffix_Major_Empowered Elites (Electric Lance)",
    "Folder": "Affixes\\Sigils",
    "Images": [
      "schocklanze.png"
    ]
  },
  {
    "IdName": "DungeonAffix_Major_Volcanic",
    "Folder": "Affixes\\Sigils",
    "Images": [
      "vulkanisch.png"
    ]
  },
  {
    "IdName": "DungeonAffix_Positive_AttackMoveSpeedOnKill",
    "Folder": "Affixes\\Sigils",
    "Images": [
      "t\u00F6dliche beschleunigung.png"
    ]
  },
  {
    "IdName": "World_DGN_Frac_LightsWatch",
    "Folder": "Affixes\\Sigils",
    "Images": [
      "die lichtwacht.png"
    ]
  },
  {
    "IdName": "HealingPercent",
    "Folder": "Affixes\\Equipment",
    "Images": [
      "erhaltene heilung.png"
    ]
  },
  {
    "IdName": "Damage_to_Far",
    "Folder": "Affixes\\Equipment",
    "Images": [
      "schaden gegen.png",
      "entfernte.png"
    ]
  },
  {
    "IdName": "CC_Duration_Reduction_Slow",
    "Folder": "Affixes\\Equipment",
    "Images": [
      "verringerung der dauer.png",
      "verlangsamen.png"
    ]
  },
  {
    "IdName": "ShrineDuration",
    "Folder": "Affixes\\Equipment",
    "Images": [
      "durch schreine.png"
    ]
  },
  {
    "IdName": "PassiveRankBonus_Sorc_Fire_T2_N3_DevouringFlames",
    "Folder": "Affixes\\Equipment",
    "Images": [
      "f\u00FCr die passive fertigkeit.png",
      "verschlingende feuersbrunst.png"
    ]
  },
  {
    "IdName": "PassiveRankBonus_Sorc_Elemental_T2_N3_ElementalDominance",
    "Folder": "Affixes\\Equipment",
    "Images": [
      "f\u00FCr die passive fertigkeit.png",
      "herrschaft der elemente.png"
    ]
  },
  {
    "IdName": "PassiveRankBonus_Sorc_Cold_T2_N2_Permafrost",
    "Folder": "Affixes\\Equipment",
    "Images": [
      "f\u00FCr die passive fertigkeit.png",
      "permafrost.png"
    ]
  },
  {
    "IdName": "PassiveRankBonus_Sorc_Elemental_T2_N1_GlassCannon",
    "Folder": "Affixes\\Equipment",
    "Images": [
      "f\u00FCr die passive fertigkeit.png",
      "glaskanone.png"
    ]
  },
  {
    "IdName": "PassiveRankBonus_Sorc_Fire_T2_N2_EndlessPyre",
    "Folder": "Affixes\\Equipment",
    "Images": [
      "f\u00FCr die passive fertigkeit.png",
      "endloser scheiterhaufen.png"
    ]
  },
  {
    "IdName": "legendary_sorc_035",
    "Folder": "Aspects\\Equipment",
    "Images": [
      "des gefrorenen orbits.png"
    ]
  },
  {
    "IdName": "legendary_generic_103",
    "Folder": "Aspects\\Equipment",
    "Images": [
      "entwischender.png",
      "kontrollverlusteffekten.png"
    ]
  },
  {
    "IdName": "Damage",
    "Folder": "Affixes\\Equipment",
    "Images": [
      "schaden.png"
    ]
  },
  {
    "IdName": "legendary_generic_034",
    "Folder": "Aspects\\Equipment",
    "Images": [
      "sch\u00FCtzender.png"
    ]
  },
  {
    "IdName": "legendary_generic_114",
    "Folder": "Aspects\\Equipment",
    "Images": [
      "der elemente.png"
    ]
  },
  {
    "IdName": "legendary_sorc_124",
    "Folder": "Aspects\\Equipment",
    "Images": [
      "stabiler.png"
    ]
  },
  {
    "IdName": "legendary_sorc_100",
    "Folder": "Aspects\\Equipment",
    "Images": [
      "des funkenschlags.png"
    ]
  },
  {
    "IdName": "legendary_sorc_101",
    "Folder": "Aspects\\Equipment",
    "Images": [
      "der uralten flamme.png"
    ]
  },
  {
    "IdName": "Legendary_Sorc_135",
    "Folder": "Aspects\\Equipment",
    "Images": [
      "zerschmetterter.png"
    ]
  },
  {
    "IdName": "legendary_necro_029",
    "Folder": "Aspects\\Equipment",
    "Images": [
      "des hungernden blutes.png"
    ]
  },
  {
    "IdName": "legendary_necro_022",
    "Folder": "Aspects\\Equipment",
    "Images": [
      "des st\u00E4rkenden seelenernters.png"
    ]
  },
  {
    "IdName": "FortifyBonus",
    "Folder": "Affixes\\Equipment",
    "Images": [
      "st\u00E4hlungserzeugung.png"
    ]
  },
  {
    "IdName": "Resistance_Single_Fire",
    "Folder": "Affixes\\Equipment",
    "Images": [
      "widerstand gegen feuer.png"
    ]
  },
  {
    "IdName": "SkillRankBonus_Sorc_Special_FlameShield",
    "Folder": "Affixes\\Equipment",
    "Images": [
      "r\u00E4nge f\u00FCr flammenschild.png"
    ]
  },
  {
    "IdName": "CC_Duration_Reduction",
    "Folder": "Affixes\\Equipment",
    "Images": [
      "verringerung der dauer.png",
      "kontrollbeeintr\u00E4chtigungen.png"
    ]
  },
  {
    "IdName": "SkillRankBonus_Sorc_Category_Conjuration",
    "Folder": "Affixes\\Equipment",
    "Images": [
      "r\u00E4nge f\u00FCr alle fertigkeiten.png",
      "beschw\u00F6rung.png"
    ]
  },
  {
    "IdName": "SkillRankBonus_Sorc_Special_LightningSpear",
    "Folder": "Affixes\\Equipment",
    "Images": [
      "r\u00E4nge f\u00FCr blitzspeer.png"
    ]
  },
  {
    "IdName": "SkillRankBonus_Sorc_Special_IceBlades",
    "Folder": "Affixes\\Equipment",
    "Images": [
      "r\u00E4nge f\u00FCr eisklingen.png"
    ]
  },
  {
    "IdName": "SkillRankBonus_Sorc_Core_1",
    "Folder": "Affixes\\Equipment",
    "Images": [
      "r\u00E4nge f\u00FCr feuerball.png"
    ]
  },
  {
    "IdName": "SkillRankBonus_Sorc_Core_3",
    "Folder": "Affixes\\Equipment",
    "Images": [
      "r\u00E4nge f\u00FCr kettenblitz.png"
    ]
  },
  {
    "IdName": "PotionCharges",
    "Folder": "Affixes\\Equipment",
    "Images": [
      "trankkapazit\u00E4t.png"
    ]
  },
  {
    "IdName": "PotionDropBonus",
    "Folder": "Affixes\\Equipment",
    "Images": [
      "trank-beuterate.png"
    ]
  },
  {
    "IdName": "legendary_sorc_123",
    "Folder": "Aspects\\Equipment",
    "Images": [
      "der z\u00FCgigen verbindung.png"
    ]
  },
  {
    "IdName": "Legendary_Sorc_134",
    "Folder": "Aspects\\Equipment",
    "Images": [
      "der energief\u00FClle.png"
    ]
  },
  {
    "IdName": "legendary_sorc_107",
    "Folder": "Aspects\\Equipment",
    "Images": [
      "vergletscherter.png"
    ]
  },
  {
    "IdName": "SkillRankBonus_Sorc_Special_Hydra",
    "Folder": "Affixes\\Equipment",
    "Images": [
      "r\u00E4nge f\u00FCr hydra.png"
    ]
  },
  {
    "IdName": "Evade_Charges",
    "Folder": "Affixes\\Equipment",
    "Images": [
      "maximale aufladung von entrinnen.png"
    ]
  },
  {
    "IdName": "Damage_to_Immobilized",
    "Folder": "Affixes\\Equipment",
    "Images": [
      "gl\u00FCckstreffer chance von bis.png",
      "bewegungsunf\u00E4hig.png"
    ]
  },
  {
    "IdName": "Lucky_Hit_Daze",
    "Folder": "Affixes\\Equipment",
    "Images": [
      "gl\u00FCckstreffer chance von bis.png",
      "benommen.png"
    ]
  },
  {
    "IdName": "legendary_sorc_127",
    "Folder": "Aspects\\Equipment",
    "Images": [
      "elementarer.png"
    ]
  },
  {
    "IdName": "World_DGN_Step_BuriedHalls",
    "Folder": "Affixes\\Sigils",
    "Images": [
      "vergrabene hallen.png"
    ]
  },
  {
    "IdName": "World_DGN_Step_WhisperingVault",
    "Folder": "Affixes\\Sigils",
    "Images": [
      "fl\u00FCsterndes gew\u00F6lbe.png"
    ]
  },
  {
    "IdName": "Resistance_Single_Frost",
    "Folder": "Affixes\\Equipment",
    "Images": [
      "widerstand gegen k\u00E4lte.png"
    ]
  },
  {
    "IdName": "SkillRankBonus_Sorc_Special_Meteor",
    "Folder": "Affixes\\Equipment",
    "Images": [
      "r\u00E4nge f\u00FCr meteor.png"
    ]
  },
  {
    "IdName": "World_DGN_Hawe_FetidMausoleum",
    "Folder": "Affixes\\Sigils",
    "Images": [
      "stinkendes mausoleum.png"
    ]
  },
  {
    "IdName": "World_DGN_Kehj_DesertedUnderpass",
    "Folder": "Affixes\\Sigils",
    "Images": [
      "verlassener tunnel.png"
    ]
  },
  {
    "IdName": "World_DGN_Hawe_LeviathansMaw",
    "Folder": "Affixes\\Sigils",
    "Images": [
      "schlund des leviathans.png"
    ]
  },
  {
    "IdName": "legendary_generic_113",
    "Folder": "Aspects\\Equipment",
    "Images": [
      "der k\u00FChnheit.png"
    ]
  },
  {
    "IdName": "World_DGN_Scos_BrokenBulwark",
    "Folder": "Affixes\\Sigils",
    "Images": [
      "zerst\u00F6rtes bollwerk.png"
    ]
  },
  {
    "IdName": "legendary_sorc_012",
    "Folder": "Aspects\\Equipment",
    "Images": [
      "der durchdringenden statik.png"
    ]
  },
  {
    "IdName": "legendary_sorc_104",
    "Folder": "Aspects\\Equipment",
    "Images": [
      "der versengten extremit\u00E4ten.png",
      "der versengten extremit\u00E4ten1.png"
    ]
  },
  {
    "IdName": "Legendary_Sorc_133",
    "Folder": "Aspects\\Equipment",
    "Images": [
      "der gefrorenen erinnerungen.png",
      "der gefrorenen erinnerungen1.png"
    ]
  },
  {
    "IdName": "legendary_sorc_121",
    "Folder": "Aspects\\Equipment",
    "Images": [
      "der zersplitternden energie.png"
    ]
  },
  {
    "IdName": "legendary_sorc_008",
    "Folder": "Aspects\\Equipment",
    "Images": [
      "der drei fl\u00FCche.png"
    ]
  },
  {
    "IdName": "PassiveRankBonus_Sorc_02_ConjurationMastery",
    "Folder": "Affixes\\Equipment",
    "Images": [
      "f\u00FCr die passive fertigkeit.png",
      "beschw\u00F6rungskunst.png"
    ]
  },
  {
    "IdName": "Legendary_Generic_111",
    "Folder": "Aspects\\Equipment",
    "Images": [
      "ausbeutender.png",
      "ausbeutender1.png"
    ]
  },
  {
    "IdName": "World_DGN_Kehj_RenegadesRetreat",
    "Folder": "Affixes\\Sigils",
    "Images": [
      "zuflucht des abtr\u00FCnnigen.png"
    ]
  },
  {
    "IdName": "legendary_generic_027",
    "Folder": "Aspects\\Equipment",
    "Images": [
      "eitler.png",
      "eitler1.png",
      "eitler2.png"
    ]
  },
  {
    "IdName": "World_DGN_Scos_FloodedDepths",
    "Folder": "Affixes\\Sigils",
    "Images": [
      "\u00FCberflutete tiefen.png"
    ]
  },
  {
    "IdName": "PassiveRankBonus_Sorc_Fire_T1_N2_InnerFlames",
    "Folder": "Affixes\\Equipment",
    "Images": [
      "f\u00FCr die passive fertigkeit.png",
      "innere flammen.png"
    ]
  },
  {
    "IdName": "legendary_sorc_006",
    "Folder": "Aspects\\Equipment",
    "Images": [
      "schneewachender.png",
      "schneewachender1.png"
    ]
  },
  {
    "IdName": "SkillRankBonus_Sorc_Special_Blizzard",
    "Folder": "Affixes\\Equipment",
    "Images": [
      "r\u00E4nge f\u00FCr blizzard.png"
    ]
  },
  {
    "IdName": "SkillRankBonus_Sorc_Category_Mastery",
    "Folder": "Affixes\\Equipment",
    "Images": [
      "r\u00E4nge f\u00FCr alle fertigkeiten.png",
      "beherrschung.png"
    ]
  },
  {
    "IdName": "World_DGN_Hawe_GhoaRuins",
    "Folder": "Affixes\\Sigils",
    "Images": [
      "ghoaruinen.png"
    ]
  },
  {
    "IdName": "legendary_sorc_109",
    "Folder": "Aspects\\Equipment",
    "Images": [
      "des gefrorenen sogs.png"
    ]
  },
  {
    "IdName": "SkillRankBonus_Sorc_Core_4",
    "Folder": "Affixes\\Equipment",
    "Images": [
      "r\u00E4nge f\u00FCr comboblitze.png"
    ]
  },
  {
    "IdName": "legendary_sorc_120",
    "Folder": "Aspects\\Equipment",
    "Images": [
      "magierf\u00FCrstlicher.png",
      "magierf\u00FCrstlicher1.png"
    ]
  },
  {
    "IdName": "legendary_generic_067",
    "Folder": "Aspects\\Equipment",
    "Images": [
      "der erwartungsvollen.png",
      "der erwartungsvollen1.png",
      "der erwartungsvollen2.png"
    ]
  },
  {
    "IdName": "Legendary_Generic_110",
    "Folder": "Aspects\\Equipment",
    "Images": [
      "beschleunigender.png",
      "beschleunigender1.png",
      "beschleunigender2.png"
    ]
  },
  {
    "IdName": "legendary_sorc_117",
    "Folder": "Aspects\\Equipment",
    "Images": [
      "der \u00FCberw\u00E4tigenden str\u00F6mung.png"
    ]
  },
  {
    "IdName": "World_DGN_Kehj_Inferno",
    "Folder": "Affixes\\Sigils",
    "Images": [
      "inferno.png"
    ]
  },
  {
    "IdName": "World_DGN_Hawe_HeathensKeep",
    "Folder": "Affixes\\Sigils",
    "Images": [
      "heidenbastion.png"
    ]
  },
  {
    "IdName": "legendary_generic_043",
    "Folder": "Aspects\\Equipment",
    "Images": [
      "schneller.png"
    ]
  },
  {
    "IdName": "World_DGN_Kehj_SepulcherOfTheForsworn",
    "Folder": "Affixes\\Sigils",
    "Images": [
      "grabst\u00E4tte der verleugneten.png"
    ]
  },
  {
    "IdName": "legendary_generic_107",
    "Folder": "Aspects\\Equipment",
    "Images": [
      "der ablenkenden barriere.png",
      "der ablenkenden barriere1.png",
      "der ablenkenden barriere2.png"
    ]
  },
  {
    "IdName": "PassiveRankBonus_Sorc_Cold_T2_N3_IcyTouch",
    "Folder": "Affixes\\Equipment",
    "Images": [
      "f\u00FCr die passive fertigkeit.png",
      "eisige ber\u00FChrung.png"
    ]
  },
  {
    "IdName": "PassiveRankBonus_Sorc_01_Hoarfrost",
    "Folder": "Affixes\\Equipment",
    "Images": [
      "f\u00FCr die passive fertigkeit.png",
      "raureif.png"
    ]
  },
  {
    "IdName": "legendary_sorc_027",
    "Folder": "Aspects\\Equipment",
    "Images": [
      "geladener.png",
      "geladener1.png"
    ]
  },
  {
    "IdName": "SkillRankBonus_Sorc_Special_FrostNova",
    "Folder": "Affixes\\Equipment",
    "Images": [
      "r\u00E4nge f\u00FCr frostnova.png"
    ]
  },
  {
    "IdName": "World_DGN_Scos_Oldstones",
    "Folder": "Affixes\\Sigils",
    "Images": [
      "altstein.png"
    ]
  },
  {
    "IdName": "legendary_sorc_103",
    "Folder": "Aspects\\Equipment",
    "Images": [
      "z\u00FCndelnder.png",
      "z\u00FCndelnder1.png"
    ]
  },
  {
    "IdName": "World_DGN_Kehj_SiroccoCaverns",
    "Folder": "Affixes\\Sigils",
    "Images": [
      "schirokkoh\u00F6hle.png"
    ]
  },
  {
    "IdName": "legendary_sorc_128",
    "Folder": "Aspects\\Equipment",
    "Images": [
      "der konzentration.png",
      "der konzentration1.png"
    ]
  },
  {
    "IdName": "PotionGrantsMoveSpeed",
    "Folder": "Affixes\\Equipment",
    "Images": [
      "trank zus\u00E4tzlich.png",
      "trank bewegungsgeschwindigkeit.png"
    ]
  },
  {
    "IdName": "PotionBarrier",
    "Folder": "Affixes\\Equipment",
    "Images": [
      "trank zus\u00E4tzlich.png",
      "eine barriere.png"
    ]
  },
  {
    "IdName": "PotionGrantsResource",
    "Folder": "Affixes\\Equipment",
    "Images": [
      "trank zus\u00E4tzlich.png",
      "trank ressourcen.png"
    ]
  },
  {
    "IdName": "Shield_Damage_Bonus",
    "Folder": "Affixes\\Equipment",
    "Images": [
      "waffenschaden mit der haupthand.png"
    ]
  },
  {
    "IdName": "Dodge_Ranged",
    "Folder": "Affixes\\Equipment",
    "Images": [
      "ausweichchance bei entfernten.png"
    ]
  },
  {
    "IdName": "DamageReductionInjured",
    "Folder": "Affixes\\Equipment",
    "Images": [
      "schadensreduktion wenn.png",
      "verletzt.png"
    ]
  },
  {
    "IdName": "Block",
    "Folder": "Affixes\\Equipment",
    "Images": [
      "schadensreduktion beim blocken.png"
    ]
  },
  {
    "IdName": "Damage_to_HighLife",
    "Folder": "Affixes\\Equipment",
    "Images": [
      "schaden gegen gesunde.png"
    ]
  },
  {
    "IdName": "Damage_to_Elite",
    "Folder": "Affixes\\Equipment",
    "Images": [
      "schaden gegen.png",
      "elitegegner.png"
    ]
  },
  {
    "IdName": "Lucky_Hit_Fear",
    "Folder": "Affixes\\Equipment",
    "Images": [
      "gl\u00FCckstreffer chance von bis.png",
      "furcht.png"
    ]
  },
  {
    "IdName": "Lucky_Hit_Immobilize",
    "Folder": "Affixes\\Equipment",
    "Images": [
      "gl\u00FCckstreffer chance von bis.png",
      "bewegungsunf\u00E4hig.png"
    ]
  },
  {
    "IdName": "Lucky_Hit_Stun",
    "Folder": "Affixes\\Equipment",
    "Images": [
      "gl\u00FCckstreffer chance von bis.png",
      "bet\u00E4uben.png"
    ]
  },
  {
    "IdName": "Luck_With_Barrier",
    "Folder": "Affixes\\Equipment",
    "Images": [
      "gl\u00FCckstrefferchance wenn.png",
      "eine barriere.png"
    ]
  },
  {
    "IdName": "legendary_generic_014",
    "Folder": "Aspects\\Equipment",
    "Images": [
      "der inneren ruhe.png",
      "der inneren ruhe1.png"
    ]
  },
  {
    "IdName": "legendary_barb_027",
    "Folder": "Aspects\\Equipment",
    "Images": [
      "windpeitschender.png",
      "windpeitschender1.png"
    ]
  },
  {
    "IdName": "legendary_barb_018",
    "Folder": "Aspects\\Equipment",
    "Images": [
      "raufender.png"
    ]
  },
  {
    "IdName": "legendary_barb_002",
    "Folder": "Aspects\\Equipment",
    "Images": [
      "bebender.png"
    ]
  },
  {
    "IdName": "legendary_barb_023",
    "Folder": "Aspects\\Equipment",
    "Images": [
      "todessehns\u00FCchtiger.png",
      "todessehns\u00FCchtiger1.png"
    ]
  },
  {
    "IdName": "legendary_barb_104",
    "Folder": "Aspects\\Equipment",
    "Images": [
      "erdw\u00FCters.png"
    ]
  },
  {
    "IdName": "legendary_barb_017",
    "Folder": "Aspects\\Equipment",
    "Images": [
      "des bet\u00E4ubenden zorns.png",
      "des bet\u00E4ubenden zorns1.png"
    ]
  },
  {
    "IdName": "Damage_Type_Bonus_Physical",
    "Folder": "Affixes\\Equipment",
    "Images": [
      "schaden des typs physisch.png"
    ]
  },
  {
    "IdName": "SkillRankBonus_Barb_Special_DeathBlow",
    "Folder": "Affixes\\Equipment",
    "Images": [
      "r\u00E4nge f\u00FCr todessto\u00DF.png"
    ]
  },
  {
    "IdName": "SkillRankBonus_Barb_Special_Rupture",
    "Folder": "Affixes\\Equipment",
    "Images": [
      "r\u00E4nge f\u00FCr blutspie\u00DF.png"
    ]
  },
  {
    "IdName": "legendary_barb_008",
    "Folder": "Aspects\\Equipment",
    "Images": [
      "des eisernen kriegers.png"
    ]
  },
  {
    "IdName": "legendary_barb_107",
    "Folder": "Aspects\\Equipment",
    "Images": [
      "b\u00E4renklan-berserkers.png",
      "b\u00E4renklan-berserkers1.png"
    ]
  },
  {
    "IdName": "SkillRankBonus_Barb_Special_ChallengingShout",
    "Folder": "Affixes\\Equipment",
    "Images": [
      "r\u00E4nge f\u00FCr herausforderungsruf.png"
    ]
  },
  {
    "IdName": "SkillRankBonus_Barb_Special_Kick",
    "Folder": "Affixes\\Equipment",
    "Images": [
      "r\u00E4nge f\u00FCr tritt.png"
    ]
  },
  {
    "IdName": "SkillRankBonus_Barb_Category_WeaponMastery",
    "Folder": "Affixes\\Equipment",
    "Images": [
      "r\u00E4nge f\u00FCr alle fertigkeiten.png",
      "waffenbeherrschung.png"
    ]
  },
  {
    "IdName": "SkillRankBonus_Barb_Core_4_Slot01",
    "Folder": "Affixes\\Equipment",
    "Images": [
      "r\u00E4nge f\u00FCr aufw\u00FChlen.png"
    ]
  },
  {
    "IdName": "SkillRankBonus_Barb_Core_3_Slot01",
    "Folder": "Affixes\\Equipment",
    "Images": [
      "r\u00E4nge f\u00FCr doppelschwung.png"
    ]
  },
  {
    "IdName": "Resource_Cost_Reduction_Barbarian",
    "Folder": "Affixes\\Equipment",
    "Images": [
      "kostenreduktion f\u00FCr wut.png"
    ]
  },
  {
    "IdName": "SkillRankBonus_Barb_Category_Brawling",
    "Folder": "Affixes\\Equipment",
    "Images": [
      "r\u00E4nge f\u00FCr alle fertigkeiten.png",
      "raufbold.png"
    ]
  },
  {
    "IdName": "Damage_Tag_Brawling",
    "Folder": "Affixes\\Equipment",
    "Images": [
      "schaden f\u00FCr fertigkeiten.png",
      "raufbold.png"
    ]
  },
  {
    "IdName": "SkillRankBonus_Generic_Category_Defensive",
    "Folder": "Affixes\\Equipment",
    "Images": [
      "r\u00E4nge f\u00FCr alle fertigkeiten.png",
      "defensiv.png"
    ]
  },
  {
    "IdName": "Damage_Weapon_2HSlash",
    "Folder": "Affixes\\Equipment",
    "Images": [
      "schaden mit zweih\u00E4ndige.png",
      "hiebwaffen.png"
    ]
  },
  {
    "IdName": "legendary_barb_026",
    "Folder": "Aspects\\Equipment",
    "Images": [
      "von bul-kathos.png",
      "von bul-kathos1.png"
    ]
  },
  {
    "IdName": "legendary_barb_106",
    "Folder": "Aspects\\Equipment",
    "Images": [
      "gl\u00FCcksbringender.png",
      "gl\u00FCcksbringender1.png"
    ]
  },
  {
    "IdName": "legendary_barb_004",
    "Folder": "Aspects\\Equipment",
    "Images": [
      "waffenmeisters.png",
      "waffenmeisters1.png"
    ]
  },
  {
    "IdName": "Berserk_Damage",
    "Folder": "Affixes\\Equipment",
    "Images": [
      "schaden w\u00E4hrend.png",
      "berserkermodus.png"
    ]
  },
  {
    "IdName": "SkillRankBonus_Barb_Special_SteelGrasp",
    "Folder": "Affixes\\Equipment",
    "Images": [
      "r\u00E4nge f\u00FCr stahlgriff.png"
    ]
  },
  {
    "IdName": "legendary_barb_055",
    "Folder": "Aspects\\Equipment",
    "Images": [
      "stahlberserkers.png",
      "stahlberserkers1.png"
    ]
  },
  {
    "IdName": "Resource_MaxFury",
    "Folder": "Affixes\\Equipment",
    "Images": [
      "max wut.png"
    ]
  },
  {
    "IdName": "Damage_Weapon_DualWield",
    "Folder": "Affixes\\Equipment",
    "Images": [
      "schaden mit beidh\u00E4ndigen waffen.png"
    ]
  },
  {
    "IdName": "legendary_barb_019",
    "Folder": "Aspects\\Equipment",
    "Images": [
      "staubteufels.png"
    ]
  },
  {
    "IdName": "legendary_barb_040",
    "Folder": "Aspects\\Equipment",
    "Images": [
      "erfahrener.png",
      "erfahrener1.png"
    ]
  },
  {
    "IdName": "legendary_barb_025",
    "Folder": "Aspects\\Equipment",
    "Images": [
      "des schrecklichen wirbelwinds.png"
    ]
  },
  {
    "IdName": "Dodge_Melee",
    "Folder": "Affixes\\Equipment",
    "Images": [
      "ausweichchance bei gegnern in der n\u00E4he.png"
    ]
  },
  {
    "IdName": "Damage_Weapon_2HBludgeon",
    "Folder": "Affixes\\Equipment",
    "Images": [
      "schaden mit zweih\u00E4ndige.png",
      "wuchtwaffen.png"
    ]
  },
  {
    "IdName": "PassiveRankBonus_Barb_Warlord_T2_N2_BruteForce",
    "Folder": "Affixes\\Equipment",
    "Images": [
      "f\u00FCr die passive fertigkeit.png",
      "brutale.png"
    ]
  },
  {
    "IdName": "Berserk_Duration",
    "Folder": "Affixes\\Equipment",
    "Images": [
      "berserkermodus dauer.png"
    ]
  },
  {
    "IdName": "SkillRankBonus_Barb_Special_Leap",
    "Folder": "Affixes\\Equipment",
    "Images": [
      "r\u00E4nge f\u00FCr sprung.png"
    ]
  },
  {
    "IdName": "legendary_generic_112",
    "Folder": "Aspects\\Equipment",
    "Images": [
      "feiger.png",
      "feiger1.png"
    ]
  },
  {
    "IdName": "legendary_barb_041",
    "Folder": "Aspects\\Equipment",
    "Images": [
      "der ahnenmacht.png",
      "der ahnenmacht1.png"
    ]
  },
  {
    "IdName": "legendary_barb_011",
    "Folder": "Aspects\\Equipment",
    "Images": [
      "blutberserkers.png",
      "blutberserkers1.png",
      "blutberserkers2.png"
    ]
  },
  {
    "IdName": "PassiveRankBonus_Barb_07_Outburst",
    "Folder": "Affixes\\Equipment",
    "Images": [
      "f\u00FCr die passive fertigkeit.png",
      "wutausbruch.png"
    ]
  },
  {
    "IdName": "legendary_barb_006",
    "Folder": "Aspects\\Equipment",
    "Images": [
      "kampfw\u00FCtiger.png",
      "kampfw\u00FCtiger1.png"
    ]
  },
  {
    "IdName": "PassiveRankBonus_Barb_Berserker_T4_N1_CuttotheBone",
    "Folder": "Affixes\\Equipment",
    "Images": [
      "f\u00FCr die passive fertigkeit.png",
      "bis auf die knochen.png"
    ]
  },
  {
    "IdName": "PassiveRankBonus_Barb_Warlord_T1_N2_ToughAsNails",
    "Folder": "Affixes\\Equipment",
    "Images": [
      "f\u00FCr die passive fertigkeit.png",
      "steinhart.png"
    ]
  }
]