[
  {
    "IdName": "Damage_to_Chilled",
    "Folder": "Affixes\\Equipment",
    "Images": [
      "dano_enemigos_estado.png",
      "helado.png",
      "%.png"
    ]
  },
  {
    "IdName": "OverpowerDamage",
    "Folder": "Affixes\\Equipment",
    "Images": [
      "dano_abrumador.png",
      "%.png"
    ]
  },
  {
    "IdName": "Damage_to_CCd",
    "Folder": "Affixes\\Equipment",
    "Images": [
      "dano_enemigos_bajo.png",
      "control_de_multitudes.png",
      "%.png"
    ]
  },
  {
    "IdName": "Damage_to_Frozen",
    "Folder": "Affixes\\Equipment",
    "Images": [
      "dano_enemigos_estado.png",
      "congelado.png",
      "%.png"
    ]
  },
  {
    "IdName": "Damage_to_Far",
    "Folder": "Affixes\\Equipment",
    "Images": [
      "dano_enemigos_lejanos.png",
      "%.png"
    ]
  },
  {
    "IdName": "Damage_Category_Basics",
    "Folder": "Affixes\\Equipment",
    "Images": [
      "dano_habilidad_basica.png",
      "%.png"
    ]
  },
  {
    "IdName": "Damage_to_Trapped",
    "Folder": "Affixes\\Equipment",
    "Images": [
      "dano_enemigos_afectados.png",
      "habilidades_trampa.png",
      "%.png"
    ]
  },
  {
    "IdName": "Execute",
    "Folder": "Affixes\\Equipment",
    "Images": [
      "golpe_afortunado_tienes_hasta.png",
      "probabilidad_ejectutar.png",
      "heridos_no_elite.png",
      "%.png"
    ]
  },
  {
    "IdName": "CoreStats_All",
    "Folder": "Affixes\\Equipment",
    "Images": [
      "todos_los_atributos.png"
    ]
  },
  {
    "IdName": "HealingPercent",
    "Folder": "Affixes\\Equipment",
    "Images": [
      "sanacion_recibida.png",
      "%.png"
    ]
  },
  {
    "IdName": "Armor",
    "Folder": "Affixes\\Equipment",
    "Images": [
      "%.png",
      "armadura_total.png"
    ]
  },
  {
    "IdName": "Resistance_Single_Poison",
    "Folder": "Affixes\\Equipment",
    "Images": [
      "resistencia_veneno.png",
      "%.png"
    ]
  },
  {
    "IdName": "CritDamage",
    "Folder": "Affixes\\Equipment",
    "Images": [
      "dano_golpe_critico.png",
      "%.png"
    ]
  },
  {
    "IdName": "Damage_to_Vulnerable",
    "Folder": "Affixes\\Equipment",
    "Images": [
      "dano_vulnerabilidad.png",
      "%.png"
    ]
  },
  {
    "IdName": "Damage_to_Poisoned",
    "Folder": "Affixes\\Equipment",
    "Images": [
      "dano_enemigos_estado.png",
      "envenenado.png",
      "%.png"
    ]
  },
  {
    "IdName": "Damage_Category_Spenders",
    "Folder": "Affixes\\Equipment",
    "Images": [
      "dano_habilidad_principal.png",
      "%.png"
    ]
  },
  {
    "IdName": "Damage_to_Stunned",
    "Folder": "Affixes\\Equipment",
    "Images": [
      "dano_enemigos_estado.png",
      "aturdido.png",
      "%.png"
    ]
  },
  {
    "IdName": "CoreStat_Dexterity",
    "Folder": "Affixes\\Equipment",
    "Images": [
      "destreza.png"
    ]
  },
  {
    "IdName": "Damage_to_LowLife",
    "Folder": "Affixes\\Equipment",
    "Images": [
      "dano_enemigos_heridos.png",
      "%.png"
    ]
  },
  {
    "IdName": "Damage_DoT",
    "Folder": "Affixes\\Equipment",
    "Images": [
      "dano_con_el_tiempo.png",
      "%.png"
    ]
  },
  {
    "IdName": "Damage_to_Slowed",
    "Folder": "Affixes\\Equipment",
    "Images": [
      "dano_enemigos_estado.png",
      "ralentizado.png",
      "%.png"
    ]
  },
  {
    "IdName": "CoreStat_Intelligence",
    "Folder": "Affixes\\Equipment",
    "Images": [
      "inteligencia.png"
    ]
  },
  {
    "IdName": "AttackSpeed",
    "Folder": "Affixes\\Equipment",
    "Images": [
      "velocidad_de_ataque.png",
      "%.png"
    ]
  },
  {
    "IdName": "CDR_Traps",
    "Folder": "Affixes\\Equipment",
    "Images": [
      "reduccion_de_recuperacion.png",
      "habilidades_trampa.png",
      "%.png"
    ]
  },
  {
    "IdName": "Damage_Category_Ultimate",
    "Folder": "Affixes\\Equipment",
    "Images": [
      "dano_de_habilidad_maxima.png",
      "%.png"
    ]
  },
  {
    "IdName": "Damage_to_Near",
    "Folder": "Affixes\\Equipment",
    "Images": [
      "dano_a_enemigos_cercanos.png",
      "%.png"
    ]
  },
  {
    "IdName": "Dodge_Melee",
    "Folder": "Affixes\\Equipment",
    "Images": [
      "probabilidad_esquivar.png",
      "enemigos_cercanos.png",
      "%.png"
    ]
  },
  {
    "IdName": "Resistance_Single_Frost",
    "Folder": "Affixes\\Equipment",
    "Images": [
      "resistencia_frio.png",
      "%.png"
    ]
  },
  {
    "IdName": "PotionBarrier",
    "Folder": "Affixes\\Equipment",
    "Images": [
      "mientras_sufras_heridas_pocion_otorga_vida.png",
      "maxima_como_barrera.png"
    ]
  },
  {
    "IdName": "SkillRankBonus_Rogue_Special_Dash",
    "Folder": "Affixes\\Equipment",
    "Images": [
      "rango.png",
      "arremetida.png"
    ]
  },
  {
    "IdName": "Resistance_All",
    "Folder": "Affixes\\Equipment",
    "Images": [
      "resistencia_todos_los.png",
      "elementos.png",
      "%.png"
    ]
  },
  {
    "IdName": "CritChance",
    "Folder": "Affixes\\Equipment",
    "Images": [
      "probabilidad_golpe_critico.png",
      "%.png"
    ]
  },
  {
    "IdName": "Damage_Type_Bonus_Poison",
    "Folder": "Affixes\\Equipment",
    "Images": [
      "dano_de_veneno.png",
      "%.png"
    ]
  },
  {
    "IdName": "Resistance_Single_Fire",
    "Folder": "Affixes\\Equipment",
    "Images": [
      "resistencia_fuego.png",
      "%.png"
    ]
  },
  {
    "IdName": "Life",
    "Folder": "Affixes\\Equipment",
    "Images": [
      "vida_maxima.png"
    ]
  },
  {
    "IdName": "Luck",
    "Folder": "Affixes\\Equipment",
    "Images": [
      "probabilidad_golpe.png",
      "afortunado.png",
      "%.png"
    ]
  },
  {
    "IdName": "Resource_MaxEnergy",
    "Folder": "Affixes\\Equipment",
    "Images": [
      "energia_como_maximo.png"
    ]
  },
  {
    "IdName": "Resource_MaxMana",
    "Folder": "Affixes\\Equipment",
    "Images": [
      "mana_como_maximo.png"
    ]
  },
  {
    "IdName": "CoreStat_Strength",
    "Folder": "Affixes\\Equipment",
    "Images": [
      "fuerza.png"
    ]
  },
  {
    "IdName": "CoreStat_Willpower",
    "Folder": "Affixes\\Equipment",
    "Images": [
      "voluntad.png"
    ]
  },
  {
    "IdName": "legendary_rogue_126",
    "Folder": "Aspects\\Equipment",
    "Images": [
      "de_puntos_pestilentes.png"
    ]
  },
  {
    "IdName": "legendary_rogue_026",
    "Folder": "Aspects\\Equipment",
    "Images": [
      "rebanasombras.png"
    ]
  },
  {
    "IdName": "legendary_rogue_119",
    "Folder": "Aspects\\Equipment",
    "Images": [
      "de_sinergia.png"
    ]
  },
  {
    "IdName": "legendary_rogue_020",
    "Folder": "Aspects\\Equipment",
    "Images": [
      "de_imbuiciones_inestables.png"
    ]
  },
  {
    "IdName": "legendary_generic_112",
    "Folder": "Aspects\\Equipment",
    "Images": [
      "cobarde.png"
    ]
  },
  {
    "IdName": "Damage_to_Dazed",
    "Folder": "Affixes\\Equipment",
    "Images": [
      "dano_enemigos_estado.png",
      "atontado.png",
      "%.png"
    ]
  },
  {
    "IdName": "Dodge",
    "Folder": "Affixes\\Equipment",
    "Images": [
      "probabilidad_esquivar.png",
      "%.png"
    ]
  },
  {
    "IdName": "DamageReductionInjured",
    "Folder": "Affixes\\Equipment",
    "Images": [
      "reduccion_dano_sufrir.png",
      "heridas.png",
      "%.png"
    ]
  },
  {
    "IdName": "Damage_With_Imbued",
    "Folder": "Affixes\\Equipment",
    "Images": [
      "dano_habilidades_de.png",
      "imbuicion.png",
      "%.png"
    ]
  },
  {
    "IdName": "CC_Duration_Reduction",
    "Folder": "Affixes\\Equipment",
    "Images": [
      "reduccion_de_duracion.png",
      "perdida_de_control.png",
      "%.png"
    ]
  },
  {
    "IdName": "Evade_Attack_Reset",
    "Folder": "Affixes\\Equipment",
    "Images": [
      "ataques_reducen_recuperacion.png",
      "evadir.png"
    ]
  },
  {
    "IdName": "Resistance_Single_Shadow",
    "Folder": "Affixes\\Equipment",
    "Images": [
      "resistencia_sombra.png",
      "%.png"
    ]
  },
  {
    "IdName": "CD_Reduction",
    "Folder": "Affixes\\Equipment",
    "Images": [
      "reduccion_de_recuperacion.png",
      "%.png"
    ]
  },
  {
    "IdName": "Barrier_Strength_Percent",
    "Folder": "Affixes\\Equipment",
    "Images": [
      "generacion_de_barrera.png",
      "%.png"
    ]
  },
  {
    "IdName": "Damage",
    "Folder": "Affixes\\Equipment",
    "Images": [
      "dano.png",
      "%.png"
    ]
  },
  {
    "IdName": "Thorns",
    "Folder": "Affixes\\Equipment",
    "Images": [
      "espinas.png"
    ]
  },
  {
    "IdName": "CoreStat_StrengthPercent",
    "Folder": "Affixes\\Equipment",
    "Images": [
      "fuerza.png",
      "%.png"
    ]
  },
  {
    "IdName": "Movement_Speed",
    "Folder": "Affixes\\Equipment",
    "Images": [
      "velocidad_de_movimiento.png",
      "%.png"
    ]
  },
  {
    "IdName": "Trap_Arm_Time",
    "Folder": "Affixes\\Equipment",
    "Images": [
      "tiempo_armado_trampas_reducido.png"
    ]
  },
  {
    "IdName": "PotionDropBonus",
    "Folder": "Affixes\\Equipment",
    "Images": [
      "probabilidad_obtener.png",
      "pociones.png",
      "%.png"
    ]
  },
  {
    "IdName": "DamageReductionDistant",
    "Folder": "Affixes\\Equipment",
    "Images": [
      "reduccion_dano_enemigos.png",
      "lejanos.png",
      "%.png"
    ]
  },
  {
    "IdName": "Resistance_Single_Lightning",
    "Folder": "Affixes\\Equipment",
    "Images": [
      "resistencia_rayo.png",
      "%.png"
    ]
  },
  {
    "IdName": "Resource_Cost_Reduction_Rogue",
    "Folder": "Affixes\\Equipment",
    "Images": [
      "reduccion_costo_energia.png",
      "%.png"
    ]
  },
  {
    "IdName": "SkillRankBonus_Rogue_Category_Imbuements",
    "Folder": "Affixes\\Equipment",
    "Images": [
      "imbuicion.png",
      "rango.png",
      "todas_las_habilidades.png"
    ]
  },
  {
    "IdName": "PotionGrantsResource",
    "Folder": "Affixes\\Equipment",
    "Images": [
      "mientras_sufras_heridas.png",
      "pocion.png",
      "restaura_20_recurso.png",
      "%.png"
    ]
  },
  {
    "IdName": "Evade_Charges",
    "Folder": "Affixes\\Equipment",
    "Images": [
      "carga.png",
      "evadir_maximas.png"
    ]
  },
  {
    "IdName": "SkillRankBonus_Rogue_Special_ShadowImbue",
    "Folder": "Affixes\\Equipment",
    "Images": [
      "rango.png",
      "imbuicion.png",
      "umbria.png"
    ]
  },
  {
    "IdName": "SkillRankBonus_Rogue_Core_2",
    "Folder": "Affixes\\Equipment",
    "Images": [
      "rango.png",
      "rafaga.png"
    ]
  },
  {
    "IdName": "LifeRegen",
    "Folder": "Affixes\\Equipment",
    "Images": [
      "regeneracion_vida_mientras_no.png",
      "recibido_dano_recientemente.png"
    ]
  },
  {
    "IdName": "PotionGrantsMoveSpeed",
    "Folder": "Affixes\\Equipment",
    "Images": [
      "mientras_sufras_heridas.png",
      "pocion.png",
      "te_otorga_20_velocidad.png",
      "movimiento.png",
      "%.png"
    ]
  },
  {
    "IdName": "ShrineDuration",
    "Folder": "Affixes\\Equipment",
    "Images": [
      "duracion_potenciacion.png",
      "sagrario.png",
      "%.png"
    ]
  },
  {
    "IdName": "legendary_generic_009",
    "Folder": "Aspects\\Equipment",
    "Images": [
      "de_poder1.png",
      "de_poder2.png"
    ]
  },
  {
    "IdName": "legendary_rogue_110",
    "Folder": "Aspects\\Equipment",
    "Images": [
      "de_niebla_aceleradora.png"
    ]
  },
  {
    "IdName": "legendary_rogue_103",
    "Folder": "Aspects\\Equipment",
    "Images": [
      "de_traicion_asombrosa.png"
    ]
  },
  {
    "IdName": "legendary_generic_113",
    "Folder": "Aspects\\Equipment",
    "Images": [
      "de_audacia.png"
    ]
  },
  {
    "IdName": "legendary_generic_038",
    "Folder": "Aspects\\Equipment",
    "Images": [
      "de_retribucion.png"
    ]
  },
  {
    "IdName": "legendary_rogue_127",
    "Folder": "Aspects\\Equipment",
    "Images": [
      "de_iniciativa_artistica.png"
    ]
  },
  {
    "IdName": "legendary_rogue_122",
    "Folder": "Aspects\\Equipment",
    "Images": [
      "de_infiltrador.png"
    ]
  },
  {
    "IdName": "legendary_rogue_029",
    "Folder": "Aspects\\Equipment",
    "Images": [
      "de_venenos_explosivos.png"
    ]
  },
  {
    "IdName": "legendary_rogue_021",
    "Folder": "Aspects\\Equipment",
    "Images": [
      "del_bailarin_de_cuchillas.png"
    ]
  },
  {
    "IdName": "legendary_rogue_018",
    "Folder": "Aspects\\Equipment",
    "Images": [
      "de_sorpresa.png"
    ]
  },
  {
    "IdName": "legendary_generic_115",
    "Folder": "Aspects\\Equipment",
    "Images": [
      "de_matanza.png"
    ]
  },
  {
    "IdName": "legendary_rogue_014",
    "Folder": "Aspects\\Equipment",
    "Images": [
      "energetizante.png"
    ]
  },
  {
    "IdName": "Legendary_Generic_110",
    "Folder": "Aspects\\Equipment",
    "Images": [
      "acelerante.png"
    ]
  },
  {
    "IdName": "legendary_generic_067",
    "Folder": "Aspects\\Equipment",
    "Images": [
      "del_impaciente.png"
    ]
  },
  {
    "IdName": "legendary_generic_109",
    "Folder": "Aspects\\Equipment",
    "Images": [
      "puntitivo.png"
    ]
  },
  {
    "IdName": "legendary_generic_034",
    "Folder": "Aspects\\Equipment",
    "Images": [
      "protector.png"
    ]
  },
  {
    "IdName": "legendary_rogue_105",
    "Folder": "Aspects\\Equipment",
    "Images": [
      "vengativo.png"
    ]
  },
  {
    "IdName": "legendary_rogue_106",
    "Folder": "Aspects\\Equipment",
    "Images": [
      "voraz.png"
    ]
  },
  {
    "IdName": "legendary_generic_043",
    "Folder": "Aspects\\Equipment",
    "Images": [
      "rapido.png"
    ]
  },
  {
    "IdName": "legendary_generic_036",
    "Folder": "Aspects\\Equipment",
    "Images": [
      "de_desobedencia.png"
    ]
  },
  {
    "IdName": "Life_On_Kill",
    "Folder": "Affixes\\Equipment",
    "Images": [
      "vida_con_cada_eliminacion.png"
    ]
  },
  {
    "IdName": "SkillRankBonus_Rogue_Special2_PoisonImbue",
    "Folder": "Affixes\\Equipment",
    "Images": [
      "rango.png",
      "imbuicion.png",
      "venenosa.png"
    ]
  },
  {
    "IdName": "SkillRankBonus_Rogue_Core_5",
    "Folder": "Affixes\\Equipment",
    "Images": [
      "rango.png",
      "disparo_penetrante.png"
    ]
  },
  {
    "IdName": "SkillRankBonus_Rogue_Core_3",
    "Folder": "Affixes\\Equipment",
    "Images": [
      "rango.png",
      "aluvion.png"
    ]
  },
  {
    "IdName": "SkillRankBonus_Rogue_Special_ColdImbue",
    "Folder": "Affixes\\Equipment",
    "Images": [
      "rango.png",
      "imbuicion.png",
      "gelida.png"
    ]
  },
  {
    "IdName": "SkillRankBonus_Rogue_Special_ShadowStep",
    "Folder": "Affixes\\Equipment",
    "Images": [
      "rango.png",
      "paso_umbrio.png"
    ]
  },
  {
    "IdName": "SkillRankBonus_Rogue_Core_1",
    "Folder": "Affixes\\Equipment",
    "Images": [
      "rango.png",
      "disparo_rapido.png"
    ]
  },
  {
    "IdName": "SkillRankBonus_Rogue_Special_SmokeBomb",
    "Folder": "Affixes\\Equipment",
    "Images": [
      "rango.png",
      "granada_de_humo.png"
    ]
  },
  {
    "IdName": "SkillRankBonus_Rogue_Special_Caltrops",
    "Folder": "Affixes\\Equipment",
    "Images": [
      "rango.png",
      "abrojos.png"
    ]
  },
  {
    "IdName": "SkillRankBonus_Rogue_Special_DarkShroud",
    "Folder": "Affixes\\Equipment",
    "Images": [
      "rango.png",
      "sudario_oscuro.png"
    ]
  },
  {
    "IdName": "PassiveRankBonus_Rogue_Discipline_T3_N2_Impetus",
    "Folder": "Affixes\\Equipment",
    "Images": [
      "rango.png",
      "pasiva_de_impetu.png"
    ]
  },
  {
    "IdName": "PassiveRankBonus_Rogue_Cunning_T4_N1_FrigidFinesse",
    "Folder": "Affixes\\Equipment",
    "Images": [
      "rango.png",
      "pasiva_de_fineza_frigida.png"
    ]
  },
  {
    "IdName": "Lucky_Hit_Slow",
    "Folder": "Affixes\\Equipment",
    "Images": [
      "golpe_afortunado_tienes_hasta.png",
      "probabilidad_de_ralentizar.png"
    ]
  },
  {
    "IdName": "CC_Duration_Reduction_Slow",
    "Folder": "Affixes\\Equipment",
    "Images": [
      "reduccion_de_duracion2.png",
      "ralentizar.png"
    ]
  },
  {
    "IdName": "SkillRankBonus_Rogue_Core_4",
    "Folder": "Affixes\\Equipment",
    "Images": [
      "rango.png",
      "cuchillas_inteligentes.png"
    ]
  },
  {
    "IdName": "CritChance_To_LowLife",
    "Folder": "Affixes\\Equipment",
    "Images": [
      "probabilidad_golpe_critico.png",
      "enemigos_heridos.png"
    ]
  },
  {
    "IdName": "CC_Duration",
    "Folder": "Affixes\\Equipment",
    "Images": [
      "duracion_de_control.png",
      "multitudes.png",
      "%.png"
    ]
  },
  {
    "IdName": "SkillRankBonus_Rogue_Category_Agility",
    "Folder": "Affixes\\Equipment",
    "Images": [
      "todas_las_habilidades.png",
      "agilidad.png",
      "rango.png"
    ]
  },
  {
    "IdName": "legendary_rogue_112",
    "Folder": "Aspects\\Equipment",
    "Images": [
      "de_provisiones_succionadas.png"
    ]
  },
  {
    "IdName": "legendary_rogue_117",
    "Folder": "Aspects\\Equipment",
    "Images": [
      "de_hielo_nocivo.png"
    ]
  },
  {
    "IdName": "legendary_rogue_107",
    "Folder": "Aspects\\Equipment",
    "Images": [
      "del_escapista.png"
    ]
  },
  {
    "IdName": "Legendary_Generic_111",
    "Folder": "Aspects\\Equipment",
    "Images": [
      "del_explotador.png"
    ]
  },
  {
    "IdName": "legendary_rogue_104",
    "Folder": "Aspects\\Equipment",
    "Images": [
      "de_cruel_sustento.png"
    ]
  },
  {
    "IdName": "legendary_rogue_121",
    "Folder": "Aspects\\Equipment",
    "Images": [
      "de_amenaza_elusiva.png"
    ]
  },
  {
    "IdName": "legendary_rogue_108",
    "Folder": "Aspects\\Equipment",
    "Images": [
      "de_vigor_robado.png"
    ]
  },
  {
    "IdName": "Legendary_Rogue_124",
    "Folder": "Aspects\\Equipment",
    "Images": [
      "repetidor.png"
    ]
  },
  {
    "IdName": "legendary_generic_027",
    "Folder": "Aspects\\Equipment",
    "Images": [
      "engreido1.png",
      "engreido2.png"
    ]
  },
  {
    "IdName": "legendary_rogue_013",
    "Folder": "Aspects\\Equipment",
    "Images": [
      "de_sombras_volatiles.png"
    ]
  },
  {
    "IdName": "legendary_rogue_101",
    "Folder": "Aspects\\Equipment",
    "Images": [
      "del_trampero_explosivo.png"
    ]
  },
  {
    "IdName": "legendary_rogue_100",
    "Folder": "Aspects\\Equipment",
    "Images": [
      "de_descargas_ramificadas.png"
    ]
  },
  {
    "IdName": "legendary_generic_103",
    "Folder": "Aspects\\Equipment",
    "Images": [
      "evasivo.png"
    ]
  },
  {
    "IdName": "legendary_rogue_102",
    "Folder": "Aspects\\Equipment",
    "Images": [
      "del_impetu_explosivo.png"
    ]
  },
  {
    "IdName": "legendary_rogue_118",
    "Folder": "Aspects\\Equipment",
    "Images": [
      "del_arrasador.png"
    ]
  },
  {
    "IdName": "legendary_generic_100",
    "Folder": "Aspects\\Equipment",
    "Images": [
      "caminante_fantasmal.png"
    ]
  },
  {
    "IdName": "legendary_generic_104",
    "Folder": "Aspects\\Equipment",
    "Images": [
      "asimilacion.png"
    ]
  },
  {
    "IdName": "legendary_rogue_109",
    "Folder": "Aspects\\Equipment",
    "Images": [
      "de_oportunista.png"
    ]
  },
  {
    "IdName": "legendary_generic_114",
    "Folder": "Aspects\\Equipment",
    "Images": [
      "de_elementos.png"
    ]
  },
  {
    "IdName": "legendary_rogue_024",
    "Folder": "Aspects\\Equipment",
    "Images": [
      "del_alquimista_helado.png"
    ]
  },
  {
    "IdName": "legendary_generic_102",
    "Folder": "Aspects\\Equipment",
    "Images": [
      "de_miseria_compartida.png"
    ]
  },
  {
    "IdName": "legendary_generic_063",
    "Folder": "Aspects\\Equipment",
    "Images": [
      "del_maestro_del_filo.png"
    ]
  },
  {
    "IdName": "legendary_rogue_111",
    "Folder": "Aspects\\Equipment",
    "Images": [
      "del_engano1.png",
      "del_engano2.png"
    ]
  },
  {
    "IdName": "legendary_rogue_004",
    "Folder": "Aspects\\Equipment",
    "Images": [
      "envolvente.png"
    ]
  },
  {
    "IdName": "PotionCharges",
    "Folder": "Affixes\\Equipment",
    "Images": [
      "cantidad_de_pociones.png"
    ]
  },
  {
    "IdName": "legendary_generic_065",
    "Folder": "Aspects\\Equipment",
    "Images": [
      "del_sabio_concurrido.png"
    ]
  },
  {
    "IdName": "legendary_rogue_120",
    "Folder": "Aspects\\Equipment",
    "Images": [
      "de_anochecer_letal.png"
    ]
  },
  {
    "IdName": "legendary_generic_107",
    "Folder": "Aspects\\Equipment",
    "Images": [
      "de_la_barrera_de_desvio.png"
    ]
  },
  {
    "IdName": "legendary_rogue_116",
    "Folder": "Aspects\\Equipment",
    "Images": [
      "umbrio.png"
    ]
  },
  {
    "IdName": "legendary_rogue_019",
    "Folder": "Aspects\\Equipment",
    "Images": [
      "del_embustero.png"
    ]
  },
  {
    "IdName": "legendary_rogue_028",
    "Folder": "Aspects\\Equipment",
    "Images": [
      "de_tormentas_de_flechas.png"
    ]
  },
  {
    "IdName": "legendary_rogue_011",
    "Folder": "Aspects\\Equipment",
    "Images": [
      "de_cuchillas_circundantes.png"
    ]
  },
  {
    "IdName": "legendary_rogue_003",
    "Folder": "Aspects\\Equipment",
    "Images": [
      "de_imbuicion_imitada.png"
    ]
  },
  {
    "IdName": "legendary_rogue_123",
    "Folder": "Aspects\\Equipment",
    "Images": [
      "congelado.png"
    ]
  },
  {
    "IdName": "legendary_rogue_114",
    "Folder": "Aspects\\Equipment",
    "Images": [
      "del_mutilador1.png",
      "del_mutilador2.png",
      "del_mutilador3.png"
    ]
  },
  {
    "IdName": "legendary_rogue_010",
    "Folder": "Aspects\\Equipment",
    "Images": [
      "artero.png"
    ]
  },
  {
    "IdName": "SkillRankBonus_Rogue_Special_Concealment",
    "Folder": "Affixes\\Equipment",
    "Images": [
      "rango.png",
      "ocultamiento.png"
    ]
  },
  {
    "IdName": "PassiveRankBonus_Rogue_Cunning_T2_N2_DeadlyVenom",
    "Folder": "Affixes\\Equipment",
    "Images": [
      "rango.png",
      "veneno_letal.png"
    ]
  },
  {
    "IdName": "PassiveRankBonus_Rogue_Cunning_T3_N1_Exploit",
    "Folder": "Affixes\\Equipment",
    "Images": [
      "rango.png",
      "aprovechamiento.png"
    ]
  },
  {
    "IdName": "SkillRankBonus_Rogue_Category_Subterfuge",
    "Folder": "Affixes\\Equipment",
    "Images": [
      "rango.png",
      "subterfugio.png"
    ]
  },
  {
    "IdName": "PassiveRankBonus_Rogue_Cunning_T4_N2_Malice",
    "Folder": "Affixes\\Equipment",
    "Images": [
      "rango.png",
      "malicia.png"
    ]
  },
  {
    "IdName": "Lucky_Hit_Heal_Life",
    "Folder": "Affixes\\Equipment",
    "Images": [
      "golpe_afortunado_tienes_hasta.png",
      "probabilidad_de_sanar.png"
    ]
  },
  {
    "IdName": "FortifyBonus",
    "Folder": "Affixes\\Equipment",
    "Images": [
      "de_generacion.png",
      "fortificacion.png"
    ]
  },
  {
    "IdName": "legendary_generic_014",
    "Folder": "Aspects\\Equipment",
    "Images": [
      "de_calma_interior.png"
    ]
  },
  {
    "IdName": "legendary_generic_006",
    "Folder": "Aspects\\Equipment",
    "Images": [
      "luz_estelar.png"
    ]
  },
  {
    "IdName": "legendary_rogue_113",
    "Folder": "Aspects\\Equipment",
    "Images": [
      "de_corrupcion.png"
    ]
  },
  {
    "IdName": "legendary_rogue_023",
    "Folder": "Aspects\\Equipment",
    "Images": [
      "del_alquimista_toxico.png",
      "del_alquimista_toxico2.png"
    ]
  }
]